AZ_conventional_hydroelectric_1,CA_conventional_hydroelectric_1,CO_conventional_hydroelectric_1,ID_conventional_hydroelectric_1,MT_conventional_hydroelectric_1,NV_conventional_hydroelectric_1,OR_conventional_hydroelectric_1,UT_conventional_hydroelectric_1,WA_conventional_hydroelectric_1,WY_conventional_hydroelectric_1
0.269631714,0.183776319,0.344362199,0.316389292,0.325166404,0.228971034,0.44638589,0.256263822,0.34322843,0.134724244
0.269631714,0.183776319,0.344362199,0.316389292,0.325166404,0.228971034,0.44638589,0.256263822,0.34322843,0.134724244
0.269631714,0.183776319,0.344362199,0.316389292,0.325166404,0.228971034,0.44638589,0.256263822,0.34322843,0.134724244
0.269631714,0.183776319,0.344362199,0.316389292,0.325166404,0.228971034,0.44638589,0.256263822,0.34322843,0.134724244
0.269631714,0.183776319,0.344362199,0.316389292,0.325166404,0.228971034,0.44638589,0.256263822,0.34322843,0.134724244
0.269631714,0.183776319,0.344362199,0.316389292,0.325166404,0.228971034,0.44638589,0.256263822,0.34322843,0.134724244
0.269631714,0.183776319,0.344362199,0.316389292,0.325166404,0.228971034,0.44638589,0.256263822,0.34322843,0.134724244
0.269631714,0.183776319,0.344362199,0.316389292,0.325166404,0.228971034,0.44638589,0.256263822,0.34322843,0.134724244
0.269631714,0.183776319,0.344362199,0.316389292,0.325166404,0.228971034,0.44638589,0.256263822,0.34322843,0.134724244
0.269631714,0.183776319,0.344362199,0.316389292,0.325166404,0.228971034,0.44638589,0.256263822,0.34322843,0.134724244
0.269631714,0.183776319,0.344362199,0.316389292,0.325166404,0.228971034,0.44638589,0.256263822,0.34322843,0.134724244
0.269631714,0.183776319,0.344362199,0.316389292,0.325166404,0.228971034,0.44638589,0.256263822,0.34322843,0.134724244
0.269631714,0.183776319,0.344362199,0.316389292,0.325166404,0.228971034,0.44638589,0.256263822,0.34322843,0.134724244
0.269631714,0.183776319,0.344362199,0.316389292,0.325166404,0.228971034,0.44638589,0.256263822,0.34322843,0.134724244
0.269631714,0.183776319,0.344362199,0.316389292,0.325166404,0.228971034,0.44638589,0.256263822,0.34322843,0.134724244
0.269631714,0.183776319,0.344362199,0.316389292,0.325166404,0.228971034,0.44638589,0.256263822,0.34322843,0.134724244
0.269631714,0.183776319,0.344362199,0.316389292,0.325166404,0.228971034,0.44638589,0.256263822,0.34322843,0.134724244
0.269631714,0.183776319,0.344362199,0.316389292,0.325166404,0.228971034,0.44638589,0.256263822,0.34322843,0.134724244
0.269631714,0.183776319,0.344362199,0.316389292,0.325166404,0.228971034,0.44638589,0.256263822,0.34322843,0.134724244
0.269631714,0.183776319,0.344362199,0.316389292,0.325166404,0.228971034,0.44638589,0.256263822,0.34322843,0.134724244
0.269631714,0.183776319,0.344362199,0.316389292,0.325166404,0.228971034,0.44638589,0.256263822,0.34322843,0.134724244
0.269631714,0.183776319,0.344362199,0.316389292,0.325166404,0.228971034,0.44638589,0.256263822,0.34322843,0.134724244
0.269631714,0.183776319,0.344362199,0.316389292,0.325166404,0.228971034,0.44638589,0.256263822,0.34322843,0.134724244
0.269631714,0.183776319,0.344362199,0.316389292,0.325166404,0.228971034,0.44638589,0.256263822,0.34322843,0.134724244
0.269631714,0.183776319,0.344362199,0.316389292,0.325166404,0.228971034,0.44638589,0.256263822,0.34322843,0.134724244
0.269631714,0.183776319,0.344362199,0.316389292,0.325166404,0.228971034,0.44638589,0.256263822,0.34322843,0.134724244
0.269631714,0.183776319,0.344362199,0.316389292,0.325166404,0.228971034,0.44638589,0.256263822,0.34322843,0.134724244
0.269631714,0.183776319,0.344362199,0.316389292,0.325166404,0.228971034,0.44638589,0.256263822,0.34322843,0.134724244
0.269631714,0.183776319,0.344362199,0.316389292,0.325166404,0.228971034,0.44638589,0.256263822,0.34322843,0.134724244
0.269631714,0.183776319,0.344362199,0.316389292,0.325166404,0.228971034,0.44638589,0.256263822,0.34322843,0.134724244
0.269631714,0.183776319,0.344362199,0.316389292,0.325166404,0.228971034,0.44638589,0.256263822,0.34322843,0.134724244
0.269631714,0.183776319,0.344362199,0.316389292,0.325166404,0.228971034,0.44638589,0.256263822,0.34322843,0.134724244
0.269631714,0.183776319,0.344362199,0.316389292,0.325166404,0.228971034,0.44638589,0.256263822,0.34322843,0.134724244
0.269631714,0.183776319,0.344362199,0.316389292,0.325166404,0.228971034,0.44638589,0.256263822,0.34322843,0.134724244
0.269631714,0.183776319,0.344362199,0.316389292,0.325166404,0.228971034,0.44638589,0.256263822,0.34322843,0.134724244
0.269631714,0.183776319,0.344362199,0.316389292,0.325166404,0.228971034,0.44638589,0.256263822,0.34322843,0.134724244
0.269631714,0.183776319,0.344362199,0.316389292,0.325166404,0.228971034,0.44638589,0.256263822,0.34322843,0.134724244
0.269631714,0.183776319,0.344362199,0.316389292,0.325166404,0.228971034,0.44638589,0.256263822,0.34322843,0.134724244
0.269631714,0.183776319,0.344362199,0.316389292,0.325166404,0.228971034,0.44638589,0.256263822,0.34322843,0.134724244
0.269631714,0.183776319,0.344362199,0.316389292,0.325166404,0.228971034,0.44638589,0.256263822,0.34322843,0.134724244
0.269631714,0.183776319,0.344362199,0.316389292,0.325166404,0.228971034,0.44638589,0.256263822,0.34322843,0.134724244
0.269631714,0.183776319,0.344362199,0.316389292,0.325166404,0.228971034,0.44638589,0.256263822,0.34322843,0.134724244
0.269631714,0.183776319,0.344362199,0.316389292,0.325166404,0.228971034,0.44638589,0.256263822,0.34322843,0.134724244
0.269631714,0.183776319,0.344362199,0.316389292,0.325166404,0.228971034,0.44638589,0.256263822,0.34322843,0.134724244
0.269631714,0.183776319,0.344362199,0.316389292,0.325166404,0.228971034,0.44638589,0.256263822,0.34322843,0.134724244
0.269631714,0.183776319,0.344362199,0.316389292,0.325166404,0.228971034,0.44638589,0.256263822,0.34322843,0.134724244
0.269631714,0.183776319,0.344362199,0.316389292,0.325166404,0.228971034,0.44638589,0.256263822,0.34322843,0.134724244
0.269631714,0.183776319,0.344362199,0.316389292,0.325166404,0.228971034,0.44638589,0.256263822,0.34322843,0.134724244
0.269631714,0.183776319,0.344362199,0.316389292,0.325166404,0.228971034,0.44638589,0.256263822,0.34322843,0.134724244
0.269631714,0.183776319,0.344362199,0.316389292,0.325166404,0.228971034,0.44638589,0.256263822,0.34322843,0.134724244
0.269631714,0.183776319,0.344362199,0.316389292,0.325166404,0.228971034,0.44638589,0.256263822,0.34322843,0.134724244
0.269631714,0.183776319,0.344362199,0.316389292,0.325166404,0.228971034,0.44638589,0.256263822,0.34322843,0.134724244
0.269631714,0.183776319,0.344362199,0.316389292,0.325166404,0.228971034,0.44638589,0.256263822,0.34322843,0.134724244
0.269631714,0.183776319,0.344362199,0.316389292,0.325166404,0.228971034,0.44638589,0.256263822,0.34322843,0.134724244
0.269631714,0.183776319,0.344362199,0.316389292,0.325166404,0.228971034,0.44638589,0.256263822,0.34322843,0.134724244
0.269631714,0.183776319,0.344362199,0.316389292,0.325166404,0.228971034,0.44638589,0.256263822,0.34322843,0.134724244
0.269631714,0.183776319,0.344362199,0.316389292,0.325166404,0.228971034,0.44638589,0.256263822,0.34322843,0.134724244
0.269631714,0.183776319,0.344362199,0.316389292,0.325166404,0.228971034,0.44638589,0.256263822,0.34322843,0.134724244
0.269631714,0.183776319,0.344362199,0.316389292,0.325166404,0.228971034,0.44638589,0.256263822,0.34322843,0.134724244
0.269631714,0.183776319,0.344362199,0.316389292,0.325166404,0.228971034,0.44638589,0.256263822,0.34322843,0.134724244
0.269631714,0.183776319,0.344362199,0.316389292,0.325166404,0.228971034,0.44638589,0.256263822,0.34322843,0.134724244
0.269631714,0.183776319,0.344362199,0.316389292,0.325166404,0.228971034,0.44638589,0.256263822,0.34322843,0.134724244
0.269631714,0.183776319,0.344362199,0.316389292,0.325166404,0.228971034,0.44638589,0.256263822,0.34322843,0.134724244
0.269631714,0.183776319,0.344362199,0.316389292,0.325166404,0.228971034,0.44638589,0.256263822,0.34322843,0.134724244
0.269631714,0.183776319,0.344362199,0.316389292,0.325166404,0.228971034,0.44638589,0.256263822,0.34322843,0.134724244
0.269631714,0.183776319,0.344362199,0.316389292,0.325166404,0.228971034,0.44638589,0.256263822,0.34322843,0.134724244
0.269631714,0.183776319,0.344362199,0.316389292,0.325166404,0.228971034,0.44638589,0.256263822,0.34322843,0.134724244
0.269631714,0.183776319,0.344362199,0.316389292,0.325166404,0.228971034,0.44638589,0.256263822,0.34322843,0.134724244
0.269631714,0.183776319,0.344362199,0.316389292,0.325166404,0.228971034,0.44638589,0.256263822,0.34322843,0.134724244
0.269631714,0.183776319,0.344362199,0.316389292,0.325166404,0.228971034,0.44638589,0.256263822,0.34322843,0.134724244
0.269631714,0.183776319,0.344362199,0.316389292,0.325166404,0.228971034,0.44638589,0.256263822,0.34322843,0.134724244
0.269631714,0.183776319,0.344362199,0.316389292,0.325166404,0.228971034,0.44638589,0.256263822,0.34322843,0.134724244
0.269631714,0.183776319,0.344362199,0.316389292,0.325166404,0.228971034,0.44638589,0.256263822,0.34322843,0.134724244
0.269631714,0.183776319,0.344362199,0.316389292,0.325166404,0.228971034,0.44638589,0.256263822,0.34322843,0.134724244
0.269631714,0.183776319,0.344362199,0.316389292,0.325166404,0.228971034,0.44638589,0.256263822,0.34322843,0.134724244
0.269631714,0.183776319,0.344362199,0.316389292,0.325166404,0.228971034,0.44638589,0.256263822,0.34322843,0.134724244
0.269631714,0.183776319,0.344362199,0.316389292,0.325166404,0.228971034,0.44638589,0.256263822,0.34322843,0.134724244
0.269631714,0.183776319,0.344362199,0.316389292,0.325166404,0.228971034,0.44638589,0.256263822,0.34322843,0.134724244
0.269631714,0.183776319,0.344362199,0.316389292,0.325166404,0.228971034,0.44638589,0.256263822,0.34322843,0.134724244
0.269631714,0.183776319,0.344362199,0.316389292,0.325166404,0.228971034,0.44638589,0.256263822,0.34322843,0.134724244
0.269631714,0.183776319,0.344362199,0.316389292,0.325166404,0.228971034,0.44638589,0.256263822,0.34322843,0.134724244
0.269631714,0.183776319,0.344362199,0.316389292,0.325166404,0.228971034,0.44638589,0.256263822,0.34322843,0.134724244
0.269631714,0.183776319,0.344362199,0.316389292,0.325166404,0.228971034,0.44638589,0.256263822,0.34322843,0.134724244
0.269631714,0.183776319,0.344362199,0.316389292,0.325166404,0.228971034,0.44638589,0.256263822,0.34322843,0.134724244
0.269631714,0.183776319,0.344362199,0.316389292,0.325166404,0.228971034,0.44638589,0.256263822,0.34322843,0.134724244
0.269631714,0.183776319,0.344362199,0.316389292,0.325166404,0.228971034,0.44638589,0.256263822,0.34322843,0.134724244
0.269631714,0.183776319,0.344362199,0.316389292,0.325166404,0.228971034,0.44638589,0.256263822,0.34322843,0.134724244
0.269631714,0.183776319,0.344362199,0.316389292,0.325166404,0.228971034,0.44638589,0.256263822,0.34322843,0.134724244
0.269631714,0.183776319,0.344362199,0.316389292,0.325166404,0.228971034,0.44638589,0.256263822,0.34322843,0.134724244
0.269631714,0.183776319,0.344362199,0.316389292,0.325166404,0.228971034,0.44638589,0.256263822,0.34322843,0.134724244
0.269631714,0.183776319,0.344362199,0.316389292,0.325166404,0.228971034,0.44638589,0.256263822,0.34322843,0.134724244
0.269631714,0.183776319,0.344362199,0.316389292,0.325166404,0.228971034,0.44638589,0.256263822,0.34322843,0.134724244
0.269631714,0.183776319,0.344362199,0.316389292,0.325166404,0.228971034,0.44638589,0.256263822,0.34322843,0.134724244
0.269631714,0.183776319,0.344362199,0.316389292,0.325166404,0.228971034,0.44638589,0.256263822,0.34322843,0.134724244
0.269631714,0.183776319,0.344362199,0.316389292,0.325166404,0.228971034,0.44638589,0.256263822,0.34322843,0.134724244
0.269631714,0.183776319,0.344362199,0.316389292,0.325166404,0.228971034,0.44638589,0.256263822,0.34322843,0.134724244
0.269631714,0.183776319,0.344362199,0.316389292,0.325166404,0.228971034,0.44638589,0.256263822,0.34322843,0.134724244
0.269631714,0.183776319,0.344362199,0.316389292,0.325166404,0.228971034,0.44638589,0.256263822,0.34322843,0.134724244
0.269631714,0.183776319,0.344362199,0.316389292,0.325166404,0.228971034,0.44638589,0.256263822,0.34322843,0.134724244
0.269631714,0.183776319,0.344362199,0.316389292,0.325166404,0.228971034,0.44638589,0.256263822,0.34322843,0.134724244
0.269631714,0.183776319,0.344362199,0.316389292,0.325166404,0.228971034,0.44638589,0.256263822,0.34322843,0.134724244
0.269631714,0.183776319,0.344362199,0.316389292,0.325166404,0.228971034,0.44638589,0.256263822,0.34322843,0.134724244
0.269631714,0.183776319,0.344362199,0.316389292,0.325166404,0.228971034,0.44638589,0.256263822,0.34322843,0.134724244
0.269631714,0.183776319,0.344362199,0.316389292,0.325166404,0.228971034,0.44638589,0.256263822,0.34322843,0.134724244
0.269631714,0.183776319,0.344362199,0.316389292,0.325166404,0.228971034,0.44638589,0.256263822,0.34322843,0.134724244
0.269631714,0.183776319,0.344362199,0.316389292,0.325166404,0.228971034,0.44638589,0.256263822,0.34322843,0.134724244
0.269631714,0.183776319,0.344362199,0.316389292,0.325166404,0.228971034,0.44638589,0.256263822,0.34322843,0.134724244
0.269631714,0.183776319,0.344362199,0.316389292,0.325166404,0.228971034,0.44638589,0.256263822,0.34322843,0.134724244
0.269631714,0.183776319,0.344362199,0.316389292,0.325166404,0.228971034,0.44638589,0.256263822,0.34322843,0.134724244
0.269631714,0.183776319,0.344362199,0.316389292,0.325166404,0.228971034,0.44638589,0.256263822,0.34322843,0.134724244
0.269631714,0.183776319,0.344362199,0.316389292,0.325166404,0.228971034,0.44638589,0.256263822,0.34322843,0.134724244
0.269631714,0.183776319,0.344362199,0.316389292,0.325166404,0.228971034,0.44638589,0.256263822,0.34322843,0.134724244
0.269631714,0.183776319,0.344362199,0.316389292,0.325166404,0.228971034,0.44638589,0.256263822,0.34322843,0.134724244
0.269631714,0.183776319,0.344362199,0.316389292,0.325166404,0.228971034,0.44638589,0.256263822,0.34322843,0.134724244
0.269631714,0.183776319,0.344362199,0.316389292,0.325166404,0.228971034,0.44638589,0.256263822,0.34322843,0.134724244
0.269631714,0.183776319,0.344362199,0.316389292,0.325166404,0.228971034,0.44638589,0.256263822,0.34322843,0.134724244
0.269631714,0.183776319,0.344362199,0.316389292,0.325166404,0.228971034,0.44638589,0.256263822,0.34322843,0.134724244
0.269631714,0.183776319,0.344362199,0.316389292,0.325166404,0.228971034,0.44638589,0.256263822,0.34322843,0.134724244
0.269631714,0.183776319,0.344362199,0.316389292,0.325166404,0.228971034,0.44638589,0.256263822,0.34322843,0.134724244
0.269631714,0.183776319,0.344362199,0.316389292,0.325166404,0.228971034,0.44638589,0.256263822,0.34322843,0.134724244
0.269631714,0.183776319,0.344362199,0.316389292,0.325166404,0.228971034,0.44638589,0.256263822,0.34322843,0.134724244
0.269631714,0.183776319,0.344362199,0.316389292,0.325166404,0.228971034,0.44638589,0.256263822,0.34322843,0.134724244
0.269631714,0.183776319,0.344362199,0.316389292,0.325166404,0.228971034,0.44638589,0.256263822,0.34322843,0.134724244
0.269631714,0.183776319,0.344362199,0.316389292,0.325166404,0.228971034,0.44638589,0.256263822,0.34322843,0.134724244
0.269631714,0.183776319,0.344362199,0.316389292,0.325166404,0.228971034,0.44638589,0.256263822,0.34322843,0.134724244
0.269631714,0.183776319,0.344362199,0.316389292,0.325166404,0.228971034,0.44638589,0.256263822,0.34322843,0.134724244
0.269631714,0.183776319,0.344362199,0.316389292,0.325166404,0.228971034,0.44638589,0.256263822,0.34322843,0.134724244
0.269631714,0.183776319,0.344362199,0.316389292,0.325166404,0.228971034,0.44638589,0.256263822,0.34322843,0.134724244
0.269631714,0.183776319,0.344362199,0.316389292,0.325166404,0.228971034,0.44638589,0.256263822,0.34322843,0.134724244
0.269631714,0.183776319,0.344362199,0.316389292,0.325166404,0.228971034,0.44638589,0.256263822,0.34322843,0.134724244
0.269631714,0.183776319,0.344362199,0.316389292,0.325166404,0.228971034,0.44638589,0.256263822,0.34322843,0.134724244
0.269631714,0.183776319,0.344362199,0.316389292,0.325166404,0.228971034,0.44638589,0.256263822,0.34322843,0.134724244
0.269631714,0.183776319,0.344362199,0.316389292,0.325166404,0.228971034,0.44638589,0.256263822,0.34322843,0.134724244
0.269631714,0.183776319,0.344362199,0.316389292,0.325166404,0.228971034,0.44638589,0.256263822,0.34322843,0.134724244
0.269631714,0.183776319,0.344362199,0.316389292,0.325166404,0.228971034,0.44638589,0.256263822,0.34322843,0.134724244
0.269631714,0.183776319,0.344362199,0.316389292,0.325166404,0.228971034,0.44638589,0.256263822,0.34322843,0.134724244
0.269631714,0.183776319,0.344362199,0.316389292,0.325166404,0.228971034,0.44638589,0.256263822,0.34322843,0.134724244
0.269631714,0.183776319,0.344362199,0.316389292,0.325166404,0.228971034,0.44638589,0.256263822,0.34322843,0.134724244
0.269631714,0.183776319,0.344362199,0.316389292,0.325166404,0.228971034,0.44638589,0.256263822,0.34322843,0.134724244
0.269631714,0.183776319,0.344362199,0.316389292,0.325166404,0.228971034,0.44638589,0.256263822,0.34322843,0.134724244
0.269461006,0.183894426,0.344541758,0.316352606,0.325146496,0.228814393,0.44637838,0.256179094,0.34319818,0.134723693
0.269290268,0.184012532,0.344721317,0.316315949,0.325126588,0.228657737,0.44637087,0.256094337,0.343167961,0.134723142
0.269119561,0.184130639,0.344900906,0.316279262,0.32510671,0.228501096,0.446363389,0.256009579,0.343137741,0.13472259
0.268948823,0.18424876,0.345080465,0.316242576,0.325086832,0.22834444,0.446355879,0.255924821,0.343107522,0.134722039
0.268778116,0.184366867,0.345260024,0.316205889,0.325066894,0.228187785,0.446348369,0.255840063,0.343077272,0.134721488
0.268607408,0.184484974,0.345439613,0.316169202,0.325046986,0.228031144,0.446340859,0.255755335,0.343047023,0.134720922
0.2684367,0.184603095,0.345619142,0.316132545,0.325027078,0.227874473,0.446333379,0.255670577,0.343016803,0.13472037
0.268265992,0.184721202,0.345798731,0.316095829,0.3250072,0.227717832,0.446325868,0.255585849,0.342986554,0.134719819
0.268095255,0.184839293,0.34597829,0.316059172,0.324987292,0.227561176,0.446318388,0.255501091,0.342956334,0.134719267
0.267924547,0.184957415,0.346157879,0.316022456,0.324967384,0.227404535,0.446310848,0.255416334,0.342926085,0.134718716
0.267753839,0.185075521,0.346337438,0.315985799,0.324947476,0.227247879,0.446303338,0.255331576,0.342895865,0.13471815
0.267583132,0.185193628,0.346516997,0.315949112,0.324927568,0.227091223,0.446295887,0.255246818,0.342865616,0.134717599
0.267412424,0.18531175,0.346696556,0.315912426,0.32490766,0.226934582,0.446288347,0.25516206,0.342835367,0.134717047
0.267241716,0.185429871,0.346876144,0.315875739,0.324887753,0.226777911,0.446280837,0.255077332,0.342805147,0.134716496
0.267070979,0.185547978,0.347055703,0.315839082,0.324867845,0.22662127,0.446273357,0.254992574,0.342774928,0.134715945
0.266900271,0.185666069,0.347235262,0.315802366,0.324847937,0.226464614,0.446265817,0.254907846,0.342744678,0.134715393
0.266729534,0.185784191,0.347414851,0.315765679,0.324828029,0.226307973,0.446258336,0.254823089,0.342714459,0.134714827
0.266558826,0.185902297,0.34759441,0.315729022,0.324808121,0.226151317,0.446250856,0.254738331,0.342684209,0.134714276
0.266388118,0.186020404,0.347773969,0.315692335,0.324788213,0.225994661,0.446243316,0.254653603,0.34265399,0.134713724
0.266217411,0.186138526,0.347953558,0.315655649,0.324768335,0.22583802,0.446235806,0.254568815,0.34262374,0.134713173
0.266046703,0.186256632,0.348133087,0.315618992,0.324748427,0.225681365,0.446228325,0.254484087,0.342593521,0.134712622
0.265875965,0.186374739,0.348312676,0.315582275,0.324728519,0.225524709,0.446220815,0.254399359,0.342563272,0.134712055
0.265705258,0.186492845,0.348492205,0.315545619,0.324708611,0.225368053,0.446213335,0.254314572,0.342533052,0.134711504
0.26553455,0.186610967,0.348671794,0.315508902,0.324688703,0.225211397,0.446205825,0.254229844,0.342502803,0.134710953
0.265363842,0.186729074,0.348851353,0.315472245,0.324668825,0.225054756,0.446198285,0.254145086,0.342472553,0.134710401
0.265193135,0.18684718,0.349030942,0.315435559,0.324648887,0.2248981,0.446190804,0.254060328,0.342442334,0.13470985
0.265022427,0.186965302,0.349210501,0.315398872,0.324629009,0.224741459,0.446183324,0.2539756,0.342412084,0.134709284
0.264851689,0.187083408,0.34939009,0.315362185,0.324609071,0.224584803,0.446175784,0.253890872,0.342381865,0.134708732
0.275328279,0.380273759,0.349810481,0.49508661,0.38952297,0.280195147,0.412378043,0.310781747,0.464803159,0.53044492
0.275101662,0.38007769,0.349760652,0.494551361,0.389038384,0.280046284,0.412348628,0.310468584,0.464204729,0.529696822
0.274875045,0.379881591,0.349710822,0.494016171,0.388553798,0.279897392,0.412319183,0.310155451,0.463606328,0.528948784
0.274648428,0.379685491,0.349660993,0.49348098,0.388069212,0.279748559,0.412289768,0.309842288,0.463007927,0.528200746
0.274421781,0.379489392,0.349611163,0.49294576,0.387584627,0.279599696,0.412260294,0.309529185,0.462409526,0.527452648
0.274195164,0.379293263,0.349561304,0.4924106,0.387099981,0.279450804,0.412230909,0.309216022,0.461811095,0.52670455
0.273968548,0.379097193,0.349511474,0.49187538,0.386615396,0.279301912,0.412201434,0.30890286,0.461212754,0.525956511
0.273741931,0.378901094,0.349461645,0.49134016,0.38613078,0.279153079,0.41217199,0.308589727,0.460614324,0.525208414
0.273515314,0.378704995,0.349411815,0.49080497,0.385646164,0.279004216,0.412142605,0.308276594,0.460015923,0.524460375
0.273288697,0.378508896,0.349361986,0.49026978,0.385161579,0.278855324,0.41211313,0.307963431,0.459417522,0.523712277
0.27306205,0.378312796,0.349312156,0.48973456,0.384676993,0.278706461,0.412083715,0.307650298,0.458819091,0.522964239
0.272835433,0.378116697,0.349262327,0.48919937,0.384192348,0.278557599,0.412054241,0.307337135,0.45822069,0.522216201
0.272608817,0.377920598,0.349212468,0.48866415,0.383707762,0.278408766,0.412024856,0.307024002,0.45762229,0.521468103
0.2723822,0.377724499,0.349162668,0.48812896,0.383223176,0.278259844,0.411995411,0.306710869,0.457023859,0.520720005
0.272155583,0.377528399,0.349112839,0.48759377,0.38273859,0.278110981,0.411965966,0.306397736,0.456425458,0.519971967
0.271928906,0.3773323,0.349062979,0.48705855,0.382254004,0.277962118,0.411936551,0.306084573,0.455827057,0.519223928
0.271702319,0.377136201,0.34901315,0.48652336,0.381769359,0.277813286,0.411907107,0.30577141,0.455228627,0.518475831
0.271475703,0.376940101,0.34896332,0.48598814,0.381284773,0.277664393,0.411877662,0.305458277,0.454630226,0.517727792
0.271249056,0.376744002,0.348913491,0.48545298,0.380800188,0.277515531,0.411848247,0.305145144,0.454031885,0.516979694
0.271022439,0.376547903,0.348863661,0.48491773,0.380315542,0.277366638,0.411818802,0.304831982,0.453433454,0.516231656
0.270795822,0.376351804,0.348813832,0.48438251,0.379830986,0.277217805,0.411789358,0.304518849,0.452835053,0.515483618
0.270569205,0.376155704,0.348764002,0.48384735,0.379346371,0.277068913,0.411759943,0.304205716,0.452236652,0.51473552
0.270342588,0.375959605,0.348714173,0.48331213,0.378861755,0.27692005,0.411730498,0.303892553,0.451638222,0.513987422
0.270115972,0.375763506,0.348664343,0.48277694,0.378377169,0.276771188,0.411701053,0.30357942,0.451039821,0.513239384
0.269889325,0.375567436,0.348614514,0.48224175,0.377892554,0.276622325,0.411671638,0.303266287,0.45044142,0.512491286
0.269662708,0.375371337,0.348564684,0.4817065,0.377407968,0.276473463,0.411642194,0.302953124,0.449842989,0.511743248
0.269436061,0.375175238,0.348514855,0.48117137,0.376923382,0.27632457,0.411612749,0.302639961,0.449244589,0.51099515
0.269209445,0.374979138,0.348465025,0.48063612,0.376438737,0.276175708,0.411583334,0.302326828,0.448646188,0.510247111
0.268982828,0.374783039,0.348415196,0.48010093,0.375954151,0.276026815,0.41155389,0.302013695,0.448047757,0.509499073
0.268756211,0.37458694,0.348365366,0.47956574,0.375469565,0.275877982,0.411524475,0.301700562,0.447449356,0.508750975
0.268529594,0.374390841,0.348315537,0.47903052,0.37498495,0.27572912,0.411495,0.301387399,0.446850955,0.508002877
0.268302977,0.374194741,0.348265707,0.4784953,0.374500334,0.275580257,0.411465615,0.301074266,0.446252584,0.507254839
0.26807633,0.373998642,0.348215878,0.47796014,0.374015749,0.275431365,0.411436141,0.300761104,0.445654184,0.506506801
0.267849714,0.373802543,0.348166049,0.47742492,0.373531163,0.275282502,0.411406696,0.300447941,0.445055783,0.505758703
0.267623097,0.373606443,0.348116219,0.476889729,0.373046577,0.27513364,0.411377311,0.300134808,0.444457352,0.505010605
0.26739648,0.373410344,0.34806636,0.47635451,0.372561961,0.274984777,0.411347836,0.299821675,0.443858922,0.504262567
0.267169863,0.373214245,0.34801656,0.47581929,0.372077346,0.274835885,0.411318421,0.299508512,0.44326055,0.503514528
0.266943216,0.373018146,0.347966731,0.4752841,0.37159276,0.274687052,0.411288977,0.299195379,0.44266212,0.50276643
0.266716599,0.372822046,0.347916901,0.474748909,0.371108145,0.274538189,0.411259562,0.298882246,0.442063719,0.502018392
0.266489983,0.372625947,0.347867072,0.474213719,0.370623529,0.274389297,0.411230087,0.298569083,0.441465318,0.501270294
0.266263366,0.372429848,0.347817242,0.47367847,0.370138943,0.274240404,0.411200672,0.29825595,0.440866888,0.500522256
0.266036749,0.372233748,0.347767413,0.47314328,0.369654328,0.274091572,0.411171257,0.297942817,0.440268487,0.499774218
0.265810102,0.372037679,0.347717553,0.472608089,0.369169742,0.273942709,0.411141813,0.297629654,0.439670086,0.49902612
0.265583485,0.37184155,0.347667754,0.472072899,0.368685156,0.273793817,0.411112368,0.297316492,0.439071655,0.498278022
0.265356869,0.371645451,0.347617894,0.471537679,0.368200541,0.273644954,0.411082953,0.297003359,0.438473314,0.497529984
0.265130252,0.371449381,0.347568035,0.471002519,0.367715955,0.273496121,0.411053509,0.296690226,0.437874913,0.496781915
0.264903605,0.371253252,0.347518235,0.470467269,0.367231369,0.273347229,0.411024064,0.296377093,0.437276483,0.496033847
0.264676988,0.371057183,0.347468406,0.469932109,0.366746724,0.273198336,0.410994649,0.29606393,0.436678082,0.495285779
0.264450371,0.370861053,0.347418547,0.469396889,0.366262138,0.273049474,0.410965204,0.295750797,0.436079651,0.494537711
0.264223754,0.370664954,0.347368747,0.468861639,0.365777522,0.272900611,0.41093576,0.295437634,0.43548125,0.493789673
0.263997138,0.370468885,0.347318918,0.468326479,0.365292937,0.272751778,0.410906315,0.295124501,0.434882849,0.493041575
0.263770521,0.370272756,0.347269058,0.467791259,0.364808321,0.272602886,0.4108769,0.294811338,0.434284449,0.492293477
0.263543904,0.370076686,0.347219229,0.467256099,0.364323735,0.272454023,0.410847455,0.294498205,0.433686018,0.491545439
0.263317257,0.369880557,0.347169399,0.466720879,0.36383912,0.272305131,0.41081804,0.294185042,0.433087617,0.490797371
0.26309064,0.369684458,0.34711957,0.466185629,0.363354534,0.272156298,0.410788596,0.293871939,0.432489216,0.490049303
0.262863994,0.369488388,0.34706974,0.465650469,0.362869918,0.272007406,0.410759181,0.293558776,0.431890815,0.489301264
0.262637377,0.369292259,0.347019911,0.465115249,0.362385333,0.271858543,0.410729706,0.293245643,0.431292444,0.488553166
0.26241076,0.36909619,0.346970081,0.464580029,0.361900747,0.271709681,0.410700321,0.292932481,0.430694044,0.487805068
0.262184143,0.368900061,0.346920252,0.464044869,0.361416101,0.271560848,0.410670847,0.292619348,0.430095613,0.48705703
0.261957526,0.368703961,0.346870422,0.463509649,0.360931516,0.271411926,0.410641432,0.292306185,0.429497182,0.486308992
0.261730909,0.368507892,0.346820593,0.462974489,0.3604469,0.271263063,0.410612017,0.291993022,0.428898782,0.485560894
0.261504292,0.368311763,0.346770763,0.462439239,0.359962314,0.2711142,0.410582542,0.291679919,0.428300381,0.484812856
0.261277676,0.368115693,0.346720934,0.461904049,0.359477729,0.270965338,0.410553128,0.291366756,0.42770195,0.484064758
0.261051029,0.367919564,0.346671104,0.461368859,0.358993113,0.270816475,0.410523653,0.291053623,0.427103579,0.48331672
0.260824382,0.367723465,0.346621275,0.460833639,0.358508527,0.270667613,0.410494268,0.29074046,0.426505148,0.482568651
0.260597795,0.367527395,0.346571445,0.460298419,0.358023942,0.27051875,0.410464793,0.290427327,0.425906718,0.481820583
0.260371149,0.367331266,0.346521616,0.459763259,0.357539326,0.270369828,0.410435379,0.290114164,0.425308317,0.481072545
0.260144532,0.367135227,0.346471786,0.459228009,0.35705471,0.270220995,0.410405964,0.289801031,0.424709946,0.480324447
0.259917915,0.366939098,0.346421957,0.458692849,0.356570125,0.270072132,0.410376519,0.289487898,0.424111545,0.479576409
0.259691298,0.366742998,0.346372128,0.458157629,0.356085539,0.26992327,0.410347074,0.289174736,0.423513174,0.478828311
0.259464681,0.366546929,0.346322298,0.457622409,0.355600893,0.269774377,0.410317659,0.288861603,0.422914743,0.478080243
0.259238064,0.3663508,0.346272469,0.457087249,0.355116308,0.269625545,0.410288215,0.28854847,0.422316313,0.477332175
0.259011418,0.36615473,0.346222579,0.456552029,0.354631722,0.269476652,0.41025877,0.288235307,0.421717912,0.476584107
0.258784801,0.365958601,0.34617278,0.456016839,0.354147106,0.26932779,0.410229325,0.287922174,0.421119511,0.475836039
0.258558184,0.365762532,0.34612295,0.455481648,0.353662491,0.269178897,0.41019991,0.287609011,0.42052108,0.475087941
0.258331537,0.365566432,0.346073091,0.454946399,0.353177905,0.269030064,0.410170466,0.287295878,0.41992268,0.474339902
0.25810492,0.365370303,0.346023291,0.454411209,0.352693319,0.268881202,0.410141021,0.286982715,0.419324279,0.473591864
0.257878304,0.365174234,0.345973462,0.453876019,0.352208674,0.268732339,0.410111606,0.286669582,0.418725848,0.472843766
0.257651687,0.364978105,0.345923603,0.453340799,0.351724088,0.268583447,0.410082161,0.286356449,0.418127477,0.472095698
0.25742507,0.364782035,0.345873803,0.452805638,0.351239502,0.268434584,0.410052717,0.286043316,0.417529076,0.47134763
0.257198453,0.364585936,0.345823973,0.452270418,0.350754887,0.268285722,0.410023302,0.285730153,0.416930676,0.470599592
0.256971806,0.364389807,0.345774114,0.451735258,0.350270301,0.268136829,0.409993887,0.28541702,0.416332275,0.469851524
0.256745219,0.364193738,0.345724285,0.451200008,0.349785686,0.267987967,0.409964412,0.285103858,0.415733874,0.469103456
0.256518573,0.363997608,0.345674455,0.450664759,0.3493011,0.267839134,0.409935027,0.284790695,0.415135443,0.468355387
0.256291956,0.363801539,0.345624626,0.450129598,0.348816484,0.267690271,0.409905553,0.284477562,0.414537042,0.46760729
0.256065339,0.36360544,0.345574796,0.449594378,0.348331869,0.267541379,0.409876138,0.284164429,0.413938642,0.466859251
0.255838692,0.363409311,0.345524967,0.449059218,0.347847283,0.267392486,0.409846693,0.283851266,0.413340211,0.466111183
0.255612075,0.363213241,0.345475137,0.448523998,0.347362697,0.267243624,0.409817249,0.283538133,0.41274181,0.465363115
0.255385458,0.363017142,0.345425308,0.447988808,0.346878082,0.267094791,0.409787834,0.283225,0.412143409,0.464615047
0.255158842,0.362821043,0.345375478,0.447453588,0.346393466,0.266945899,0.409758359,0.282911837,0.411544979,0.463866979
0.254932225,0.362624943,0.345325649,0.446918368,0.34590888,0.266797036,0.409728974,0.282598704,0.410946608,0.463118911
0.254705578,0.362428814,0.345275819,0.446383178,0.345424294,0.266648173,0.4096995,0.282285571,0.410348177,0.462370813
0.254478961,0.362232745,0.34522599,0.445847988,0.344939709,0.266499311,0.409670085,0.281972408,0.409749806,0.461622775
0.254252344,0.362036645,0.34517616,0.445312798,0.344455063,0.266350418,0.40964067,0.281659245,0.409151375,0.460874736
0.254025698,0.361840546,0.345126331,0.444777578,0.343970478,0.266201556,0.409611225,0.281346112,0.408552945,0.460126638
0.253799081,0.361644447,0.345076501,0.444242388,0.343485892,0.266052693,0.40958178,0.281032979,0.407954574,0.4593786
0.253572494,0.361448318,0.345026672,0.443707168,0.343001246,0.26590386,0.409552366,0.280719846,0.407356173,0.458630502
0.253345847,0.361252248,0.344976842,0.443171978,0.342516661,0.265754968,0.409522921,0.280406684,0.406757772,0.457882464
0.25311923,0.361056149,0.344927013,0.442636758,0.342032075,0.265606105,0.409493476,0.280093551,0.406159341,0.457134366
0.252892613,0.36086005,0.344877183,0.442101598,0.341547459,0.265457213,0.409464061,0.279780388,0.405560941,0.456386328
0.252665997,0.36066395,0.344827324,0.441566348,0.341062874,0.26530835,0.409434617,0.279467255,0.40496254,0.45563823
0.25243938,0.360467821,0.344777495,0.441031158,0.340578258,0.265159488,0.409405172,0.279154092,0.404364139,0.454890162
0.252212763,0.360271752,0.344727635,0.440495968,0.340093672,0.265010625,0.409375727,0.278840959,0.403765738,0.454142123
0.251986086,0.360075653,0.344677836,0.439960748,0.339609087,0.264861763,0.409346312,0.278527796,0.403167307,0.453394055
0.251759499,0.359879553,0.344628006,0.439425588,0.339124471,0.26471287,0.409316868,0.278214693,0.402568907,0.452645957
0.251532853,0.359683454,0.344578147,0.438890338,0.338639855,0.264564008,0.409287423,0.27790153,0.401970506,0.451897919
0.251306236,0.359487355,0.344528347,0.438355148,0.33815527,0.264415145,0.409258008,0.277588397,0.401372075,0.451149851
0.251079619,0.359291255,0.344478518,0.437819928,0.337670654,0.264266282,0.409228593,0.277275234,0.400773704,0.450401783
0.250853002,0.359095156,0.344428658,0.437284768,0.337186038,0.26411739,0.409199119,0.276962101,0.400175303,0.449653715
0.250626385,0.358899057,0.344378859,0.436749548,0.336701453,0.263968557,0.409169734,0.276648939,0.399576902,0.448905647
0.250399768,0.358702987,0.344329,0.436214328,0.336216867,0.263819695,0.409140259,0.276335776,0.398978472,0.448157579
0.250173122,0.358506888,0.34427917,0.435679138,0.335732251,0.263670832,0.409110844,0.276022643,0.398380071,0.447409511
0.249946505,0.358310789,0.344229341,0.435143948,0.335247636,0.26352191,0.409081399,0.27570951,0.39778164,0.446661472
0.249719888,0.35811469,0.344179511,0.434608728,0.33476305,0.263373077,0.409051985,0.275396377,0.397183269,0.445913374
0.249493241,0.35791859,0.344129682,0.434073508,0.334278464,0.263224214,0.40902254,0.275083244,0.396584868,0.445165306
0.249266639,0.357722491,0.344079852,0.433538318,0.333793849,0.263075352,0.408993065,0.274770081,0.395986438,0.444417238
0.249040022,0.357526392,0.344030023,0.433003128,0.333309233,0.262926459,0.40896368,0.274456918,0.395388037,0.44366917
0.248813391,0.357330292,0.343980193,0.432467937,0.332824647,0.262777627,0.408934206,0.274143785,0.394789636,0.442921102
0.248586774,0.357134193,0.343930364,0.431932718,0.332340032,0.262628764,0.408904791,0.273830622,0.394191265,0.442173034
0.248360127,0.356938094,0.343880534,0.431397527,0.331855446,0.262479842,0.408875376,0.273517489,0.393592834,0.441424996
0.24813351,0.356741995,0.343830705,0.430862308,0.33137086,0.262330979,0.408845931,0.273204327,0.392994404,0.440676928
0.247906893,0.356545895,0.343780875,0.430327117,0.330886245,0.262182117,0.408816487,0.272891223,0.392396003,0.43992883
0.247680277,0.356349796,0.343731046,0.429791927,0.330401659,0.262033284,0.408787072,0.272578061,0.391797602,0.439180791
0.24745366,0.356153697,0.343681216,0.429256707,0.329917014,0.261884391,0.408757627,0.272264928,0.391199201,0.438432693
0.247227043,0.355957597,0.343631387,0.428721488,0.329432428,0.261735529,0.408728182,0.271951765,0.390600801,0.437684655
0.247000396,0.355761498,0.343581557,0.428186297,0.328947842,0.261586636,0.408698738,0.271638632,0.3900024,0.436936587
0.246773779,0.355565399,0.343531728,0.427651107,0.328463227,0.261437804,0.408669353,0.271325469,0.389403999,0.436188519
0.246547163,0.3553693,0.343481898,0.427115887,0.327978641,0.261288911,0.408639878,0.271012336,0.388805568,0.435440451
0.246320546,0.3551732,0.343432039,0.426580667,0.327494025,0.261140049,0.408610433,0.270699203,0.388207167,0.434692353
0.246093929,0.354977101,0.34338221,0.426045507,0.327009439,0.260991186,0.408581018,0.27038607,0.387608767,0.433944345
0.245867282,0.354781002,0.34333238,0.425510287,0.326524824,0.260842353,0.408551574,0.270072907,0.387010366,0.433196247
0.245640665,0.354584932,0.343282551,0.424975097,0.326040238,0.260693461,0.408522129,0.269759774,0.386411965,0.432448179
0.245414048,0.354388803,0.343232691,0.424439877,0.325555623,0.260544568,0.408492714,0.269446611,0.385813564,0.43170011
0.245187432,0.354192704,0.343182892,0.423904687,0.325071037,0.260395706,0.408463299,0.269133478,0.385215163,0.430952042
0.2449608,0.353996605,0.343133062,0.423369497,0.324586421,0.260246873,0.408433825,0.268820316,0.384616733,0.430203974
0.244734198,0.353800505,0.343083203,0.422834277,0.324101835,0.26009798,0.40840441,0.268507183,0.384018332,0.429455906
0.244507551,0.353604436,0.343033403,0.422299087,0.32361722,0.259949118,0.408374965,0.26819402,0.383419931,0.428707868
0.244280934,0.353408307,0.342983574,0.421763897,0.323132634,0.259800255,0.40834555,0.267880887,0.38282153,0.4279598
0.244054317,0.353212237,0.342933714,0.421228677,0.322648019,0.259651393,0.408316106,0.267567754,0.382223129,0.427211702
0.243827671,0.353016108,0.342883885,0.420693457,0.322163433,0.2595025,0.408286691,0.267254621,0.381624699,0.426463664
0.243601069,0.352820009,0.342834055,0.420158267,0.321678817,0.259353638,0.408257246,0.266941458,0.381026298,0.425715566
0.243374437,0.35262394,0.342784226,0.419623077,0.321194232,0.259204775,0.408227772,0.266628295,0.380427927,0.424967527
0.24314782,0.35242781,0.342734396,0.419087887,0.320709616,0.259055883,0.408198386,0.266315162,0.379829496,0.424219429
0.242921203,0.352231741,0.342684567,0.418552667,0.320225,0.25890705,0.408168912,0.266001999,0.379231095,0.423471391
0.242694587,0.352035612,0.342634737,0.418017447,0.319740415,0.258758187,0.408139497,0.265688866,0.378632665,0.422723323
0.24246794,0.351839513,0.342584908,0.417482257,0.319255799,0.258609295,0.408110082,0.265375733,0.378034264,0.421975225
0.242241323,0.351643443,0.342535079,0.416947067,0.318771213,0.258460402,0.408080637,0.2650626,0.377435863,0.421227217
0.242014706,0.351447314,0.342485249,0.416411877,0.318286628,0.25831157,0.408051193,0.264749438,0.376837492,0.420479119
0.241788074,0.351251245,0.34243542,0.415876627,0.317802012,0.258162707,0.408021778,0.264436305,0.376239061,0.419731021
0.241561458,0.351055115,0.34238559,0.415341437,0.317317396,0.258013844,0.407992333,0.264123142,0.375640631,0.418982983
0.241334826,0.350859016,0.342335761,0.414806247,0.316832811,0.257864952,0.407962888,0.263810009,0.37504226,0.418234915
0.241108209,0.350662947,0.342285931,0.414271057,0.316348195,0.257716119,0.407933444,0.263496846,0.374443829,0.417486846
0.240881592,0.350466818,0.342236102,0.413735867,0.315863609,0.257567227,0.407904059,0.263183713,0.373845428,0.416738778
0.240654945,0.350270778,0.342186272,0.413200617,0.315379024,0.257418364,0.407874584,0.26287055,0.373246998,0.41599071
0.240428329,0.350074649,0.342136443,0.412665427,0.314894378,0.257269472,0.40784514,0.262557447,0.372648627,0.415242672
0.240201712,0.34987855,0.342086613,0.412130237,0.314409792,0.257120639,0.407815725,0.262244284,0.372050226,0.414494574
0.239975095,0.34968248,0.342036784,0.411595017,0.313925177,0.256971776,0.40778628,0.261931151,0.371451795,0.413746536
0.239748463,0.349486351,0.341986924,0.411059827,0.313440591,0.256822884,0.407756835,0.261617988,0.370853394,0.412998438
0.239521861,0.349290282,0.341937095,0.410524637,0.312956005,0.256674021,0.40772742,0.261304855,0.370254993,0.41225037
0.239295214,0.349094152,0.341887295,0.409989417,0.31247139,0.256525129,0.407698005,0.260991693,0.369656563,0.411502331
0.239068598,0.348898053,0.341837436,0.409454226,0.311986774,0.256376296,0.407668531,0.26067856,0.369058192,0.410754263
0.238841981,0.348701984,0.341787606,0.408919007,0.311502218,0.256227404,0.407639146,0.260365397,0.368459761,0.410006195
0.238615364,0.348505855,0.341737777,0.408383846,0.311017573,0.256078541,0.407609671,0.260052264,0.36786136,0.409258127
0.238388717,0.348309785,0.341687977,0.407848626,0.310532987,0.255929649,0.407580256,0.259739131,0.367262959,0.408510059
0.238162115,0.348113656,0.341638118,0.407313406,0.310048401,0.255780816,0.407550812,0.259425998,0.366664559,0.407761961
0.237935483,0.347917557,0.341588289,0.406778216,0.309563786,0.255631953,0.407521397,0.259112835,0.366066128,0.407013893
0.237708867,0.347721487,0.341538489,0.406242996,0.30907917,0.255483091,0.407491952,0.258799702,0.365467757,0.406265855
0.23748225,0.347525358,0.34148863,0.405707806,0.308594584,0.255334198,0.407462507,0.258486539,0.364869356,0.405517787
0.268980682,0.255785793,0.282511204,0.313369542,0.28873837,0.398584396,0.46381411,0.199576512,0.356056392,0.151450932
0.269012481,0.256011277,0.282365739,0.314385086,0.289354265,0.398735702,0.464082748,0.199842229,0.356619,0.151715189
0.26904428,0.256236732,0.282220244,0.31540063,0.28997016,0.398887038,0.464351416,0.200107932,0.357181549,0.151979417
0.269076109,0.256462187,0.282074749,0.316416204,0.290586025,0.399038374,0.464620084,0.20037365,0.357744098,0.152243644
0.269107938,0.256687641,0.281929284,0.317431748,0.29120189,0.399189711,0.464888752,0.200639367,0.358306676,0.152507871
0.269139767,0.256913155,0.281783819,0.318447322,0.291817784,0.399341047,0.46515739,0.20090507,0.358869255,0.152772114
0.269171536,0.25713858,0.281638324,0.319462895,0.292433679,0.399492353,0.465426058,0.201170787,0.359431803,0.153036341
0.269203365,0.257364035,0.281492829,0.320478439,0.293049574,0.399643719,0.465694726,0.201436505,0.359994352,0.153300568
0.269235194,0.257589489,0.281347364,0.321494013,0.293665469,0.399795055,0.465963393,0.201702207,0.36055693,0.153564811
0.269266993,0.257814974,0.281201869,0.322509557,0.294281304,0.399946362,0.466232061,0.20196791,0.361119509,0.153829038
0.269298822,0.258040428,0.281056374,0.323525131,0.294897228,0.400097698,0.4665007,0.202233627,0.361682057,0.154093266
0.269330651,0.258265883,0.280910909,0.324540675,0.295513093,0.400249034,0.466769397,0.202499345,0.362244666,0.154357493
0.26936245,0.258491397,0.280765414,0.325556278,0.296128988,0.40040037,0.467038035,0.202765048,0.362807214,0.15462175
0.269394279,0.258716851,0.280619919,0.326571822,0.296744883,0.400551707,0.467306703,0.20303078,0.363369763,0.154885978
0.269426107,0.258942306,0.280474454,0.327587366,0.297360748,0.400703073,0.467575371,0.203296483,0.363932341,0.155150205
0.269457877,0.259167761,0.280328989,0.32860294,0.297976643,0.400854379,0.467844039,0.203562185,0.36449489,0.155414447
0.269489706,0.259393215,0.280183494,0.329618484,0.298592508,0.401005685,0.468112677,0.203827903,0.365057468,0.155678675
0.269521534,0.25961867,0.280037999,0.330634087,0.299208403,0.401157022,0.468381345,0.204093605,0.365620047,0.155942902
0.269553334,0.259844124,0.279892504,0.331649631,0.299824297,0.401308388,0.468650013,0.204359338,0.366182595,0.156207144
0.269585162,0.260069609,0.279747069,0.332665205,0.300440192,0.401459724,0.468918681,0.20462504,0.366745174,0.156471372
0.269616991,0.260295093,0.279601544,0.333680749,0.301056057,0.40161103,0.469187349,0.204890758,0.367307723,0.156735599
0.26964879,0.260520548,0.279456079,0.334696293,0.301671952,0.401762366,0.469456017,0.205156446,0.367870301,0.156999841
0.269680619,0.260746002,0.279310584,0.335711896,0.302287817,0.401913702,0.469724685,0.205422163,0.368432879,0.157264084
0.269712448,0.260971457,0.279165089,0.33672744,0.302903712,0.402065039,0.469993323,0.205687881,0.368995428,0.157528311
0.269744217,0.261196941,0.279019624,0.337742984,0.303519607,0.402216405,0.470261991,0.205953598,0.369557977,0.157792538
0.269776046,0.261422396,0.278874159,0.338758558,0.304135472,0.402367741,0.470530659,0.206219301,0.370120555,0.158056781
0.269807875,0.26164782,0.278728664,0.339774132,0.304751366,0.402519047,0.470799327,0.206485003,0.370683134,0.158321008
0.269839674,0.261873335,0.278583169,0.340789676,0.305367291,0.402670354,0.471067965,0.206750736,0.371245682,0.158585235
0.269871533,0.262098789,0.278437674,0.34180522,0.305983156,0.40282172,0.471336633,0.207016438,0.37180829,0.158849478
0.269903332,0.262324244,0.278292239,0.342820823,0.306599021,0.402973056,0.471605301,0.207282156,0.372370839,0.159113705
0.269935131,0.262549698,0.278146744,0.343836367,0.307214916,0.403124392,0.471873969,0.207547843,0.372933388,0.159377933
0.26996696,0.262775183,0.278001249,0.344851941,0.307830811,0.403275728,0.472142637,0.207813561,0.373495936,0.159642175
0.269998789,0.263000637,0.277855754,0.345867515,0.308446705,0.403427064,0.472411305,0.208079278,0.374058545,0.159906417
0.270030558,0.263226092,0.277710259,0.346883059,0.30906257,0.403578371,0.472679973,0.208344996,0.374621093,0.160170645
0.270062417,0.263451576,0.277564794,0.347898602,0.309678465,0.403729707,0.472948611,0.208610713,0.375183642,0.160434872
0.270094216,0.263677061,0.277419299,0.348914206,0.31029436,0.403881073,0.473217279,0.208876416,0.37574622,0.160699114
0.270126015,0.263902485,0.277273834,0.34992975,0.310910225,0.404032379,0.473485947,0.209142119,0.376308799,0.160963342
0.270157874,0.26412794,0.277128339,0.350945294,0.31152612,0.404183716,0.473754615,0.209407836,0.376871377,0.161227584
0.270189673,0.264353395,0.276982844,0.351960868,0.312141985,0.404335082,0.474023253,0.209673554,0.377433926,0.161491811
0.270221472,0.264578879,0.276837409,0.352976412,0.312757879,0.404486388,0.47429195,0.209939271,0.377996475,0.161756039
0.270253301,0.264804333,0.276691914,0.353992015,0.313373774,0.404637724,0.474560589,0.210204974,0.378559053,0.162020266
0.27028513,0.265029818,0.276546419,0.355007559,0.313989639,0.404789031,0.474829257,0.210470676,0.379121602,0.162284508
0.270316899,0.265255302,0.276400924,0.356023133,0.314605534,0.404940397,0.475097895,0.210736394,0.37968421,0.162548751
0.270348758,0.265480757,0.276255429,0.357038677,0.315221429,0.405091733,0.475366592,0.211002111,0.380246758,0.162812978
0.270380557,0.265706211,0.276109964,0.358054221,0.315837324,0.405243069,0.47563526,0.211267814,0.380809337,0.163077205
0.270412356,0.265931666,0.275964469,0.359069794,0.316453218,0.405394405,0.475903898,0.211533532,0.381371886,0.163341433
0.270444214,0.26615712,0.275819004,0.360085368,0.317069054,0.405545712,0.476172566,0.211799249,0.381934464,0.163605675
0.270476013,0.266382575,0.275673509,0.361100912,0.317684948,0.405697048,0.476441234,0.212064952,0.382497042,0.163869902
0.270507813,0.26660803,0.275528014,0.362116486,0.318300843,0.405848384,0.476709902,0.212330669,0.383059621,0.164134145
0.270539641,0.266833514,0.275382578,0.36313203,0.318916738,0.40599975,0.47697854,0.212596372,0.383622169,0.164398372
0.27057147,0.267058998,0.275237083,0.364147604,0.319532633,0.406151056,0.477247238,0.212862104,0.384184718,0.164662614
0.270603269,0.267284453,0.275091588,0.365163147,0.320148498,0.406302363,0.477515876,0.213127807,0.384747326,0.164926842
0.270635098,0.267509907,0.274946094,0.366178751,0.320764363,0.406453729,0.477784514,0.213393524,0.385309875,0.165191084
0.270666897,0.267735362,0.274800599,0.367194295,0.321380287,0.406605065,0.478053182,0.213659227,0.385872424,0.165455312
0.270698726,0.267960846,0.274655133,0.368209839,0.321996152,0.406756401,0.47832185,0.213924929,0.386434972,0.165719539
0.270730555,0.268186301,0.274509639,0.369225442,0.322612047,0.406907737,0.478590518,0.214190647,0.386997551,0.165983766
0.270762354,0.268411756,0.274364173,0.370240986,0.323227942,0.407059073,0.478859156,0.214456365,0.387560129,0.166248009
0.270794153,0.26863724,0.274218678,0.37125653,0.323843807,0.40721038,0.479127824,0.214722082,0.388122678,0.166512251
0.270825982,0.268862695,0.274073184,0.372272104,0.324459702,0.407361716,0.479396492,0.214987785,0.388685286,0.166776478
0.270857811,0.269088149,0.273927718,0.373287678,0.325075597,0.407513082,0.47966516,0.215253502,0.389247835,0.167040706
0.27088961,0.269313604,0.273782253,0.374303222,0.325691462,0.407664388,0.479933798,0.215519205,0.389810383,0.167304948
0.270921439,0.269539088,0.273636758,0.375318766,0.326307356,0.407815725,0.480202496,0.215784922,0.390372932,0.167569175
0.270953238,0.269764543,0.273491263,0.376334369,0.326923221,0.407967061,0.480471134,0.21605064,0.39093554,0.167833418
0.270985067,0.269990027,0.273345768,0.377349913,0.327539116,0.408118397,0.480739802,0.216316342,0.391498089,0.168097645
0.271016896,0.270215482,0.273200303,0.378365487,0.328155011,0.408269733,0.48100844,0.21658206,0.392060697,0.168361872
0.271048695,0.270440966,0.273054808,0.379381031,0.328770876,0.40842104,0.481277138,0.216847777,0.392623216,0.1686261
0.271080494,0.270666391,0.272909343,0.380396605,0.329386801,0.408572406,0.481545806,0.21711348,0.393185794,0.168890342
0.271112323,0.270891845,0.272763848,0.381412178,0.330002666,0.408723742,0.481814444,0.217379183,0.393748343,0.169154584
0.271144152,0.27111733,0.272618353,0.382427722,0.33061856,0.408875048,0.482083142,0.2176449,0.394310951,0.169418812
0.271175951,0.271342784,0.272472888,0.383443296,0.331234425,0.409026414,0.48235178,0.217910618,0.3948735,0.169683054
0.27120778,0.271568239,0.272327423,0.38445884,0.33185029,0.40917775,0.482620448,0.218176335,0.395436049,0.169947281
0.271239579,0.271793723,0.272181928,0.385474414,0.332466215,0.409329057,0.482889086,0.218442053,0.395998597,0.170211509
0.271271408,0.272019207,0.272036433,0.386489987,0.33308208,0.409480393,0.483157754,0.21870774,0.396561205,0.170475751
0.271303236,0.272244662,0.271890938,0.387505531,0.333697975,0.409631759,0.483426422,0.218973458,0.397123754,0.170739979
0.271335036,0.272470117,0.271745473,0.388521075,0.334313869,0.409783065,0.48369509,0.219239175,0.397686303,0.171004206
0.271366835,0.272695571,0.271599978,0.389536679,0.334929764,0.409934402,0.483963728,0.219504893,0.398248851,0.171268448
0.271398664,0.272921026,0.271454513,0.390552223,0.335545629,0.410085738,0.484232426,0.219770581,0.39881146,0.171532691
0.271430492,0.27314648,0.271309018,0.391567767,0.336161494,0.410237074,0.484501094,0.220036298,0.399374008,0.171796918
0.271462291,0.273371965,0.271163523,0.39258334,0.336777389,0.41038841,0.484769732,0.220302016,0.399936587,0.172061145
0.27149412,0.273597419,0.271018058,0.393598914,0.337393284,0.410539746,0.485038429,0.220567733,0.400499165,0.172325388
0.271525949,0.273822904,0.270872593,0.394614458,0.338009179,0.410691082,0.485307068,0.220833451,0.401061743,0.172589615
0.271557748,0.274048358,0.270727098,0.395630062,0.338625044,0.410842389,0.485575736,0.221099153,0.401624262,0.172853842
0.271589577,0.274273813,0.270581603,0.396645606,0.339240938,0.410993725,0.485844374,0.221364856,0.402186841,0.173118085
0.271621376,0.274499297,0.270436108,0.39766115,0.339856833,0.411145091,0.486113071,0.221630573,0.402749419,0.173382312
0.271653175,0.274724752,0.270290643,0.398676693,0.340472698,0.411296427,0.48638171,0.221896291,0.403311998,0.173646539
0.271685004,0.274950236,0.270145148,0.399692297,0.341088593,0.411447734,0.486650378,0.222161993,0.403874576,0.173910797
0.271716833,0.275175661,0.269999683,0.400707841,0.341704458,0.41159907,0.486919045,0.222427711,0.404437095,0.174175024
0.271748632,0.275401145,0.269854188,0.401723415,0.342320353,0.411750406,0.487187713,0.222693428,0.404999673,0.174439251
0.271780461,0.2756266,0.269708693,0.402738988,0.342936248,0.411901742,0.487456352,0.222959131,0.405562252,0.174703494
0.27181226,0.275852054,0.269563228,0.403754532,0.343552142,0.412053078,0.487725019,0.223224849,0.40612483,0.174967721
0.271844089,0.276077509,0.269417763,0.404770076,0.344168007,0.412204415,0.487993717,0.223490551,0.406687379,0.175231948
0.271875918,0.276302993,0.269272268,0.40578562,0.344783902,0.412355751,0.488262355,0.223756269,0.407249928,0.175496191
0.271907717,0.276528448,0.269126773,0.406801224,0.345399797,0.412507057,0.488531023,0.224021971,0.407812506,0.175760418
0.271939516,0.276753932,0.268981278,0.407816768,0.346015692,0.412658423,0.488799661,0.224287689,0.408375084,0.176024646
0.271971345,0.276979387,0.268835813,0.408832312,0.346631557,0.412809759,0.489068359,0.224553406,0.408937633,0.176288888
0.272003174,0.277204871,0.268690318,0.409847885,0.347247422,0.412961066,0.489336997,0.224819109,0.409500241,0.176553115
0.272034973,0.277430326,0.268544853,0.410863459,0.347863317,0.413112402,0.489605665,0.225084826,0.41006279,0.176817358
0.272066802,0.277655751,0.268399358,0.411879003,0.348479211,0.413263768,0.489874303,0.225350544,0.410625339,0.177081585
0.272098601,0.277881235,0.268253863,0.412894607,0.349095106,0.413415074,0.490143001,0.225616246,0.411187917,0.177345812
0.27213043,0.278106689,0.268108398,0.413910151,0.349711001,0.413566411,0.490411639,0.225881949,0.411750495,0.177610055
0.272162259,0.278332174,0.267962933,0.414925694,0.350326836,0.413717747,0.490680307,0.226147667,0.412313044,0.177874282
0.272194058,0.278557628,0.267817438,0.415941238,0.350942761,0.413869083,0.490949005,0.226413384,0.412875623,0.178138524
0.272225857,0.278783113,0.267671943,0.416956782,0.351558626,0.414020419,0.491217643,0.226679102,0.413438171,0.178402752
0.272257686,0.279008567,0.267526448,0.417972356,0.35217452,0.414171755,0.491486311,0.226944819,0.414000779,0.178666979
0.272289515,0.279234022,0.267380983,0.41898796,0.352790415,0.414323092,0.491754949,0.227210522,0.414563298,0.178931221
0.272321314,0.279459476,0.267235488,0.420003504,0.35340631,0.414474398,0.492023647,0.227476224,0.415125906,0.179195449
0.272353142,0.279684961,0.267089993,0.421019077,0.354022205,0.414625734,0.492292285,0.227741942,0.415688455,0.179459691
0.272384942,0.279910415,0.266944528,0.422034621,0.35463807,0.4147771,0.492560953,0.228007659,0.416251004,0.179723918
0.27241677,0.28013587,0.266799033,0.423050165,0.355253935,0.414928436,0.492829621,0.228273362,0.416813552,0.179988161
0.272448599,0.280361354,0.266653538,0.424065769,0.35586983,0.415079772,0.493098289,0.228539079,0.417376131,0.180252388
0.272480398,0.280586809,0.266508073,0.425081313,0.356485724,0.415231049,0.493366927,0.228804797,0.417938709,0.18051663
0.272512197,0.280812263,0.266362607,0.426096857,0.357101589,0.415382415,0.493635595,0.229070514,0.418501288,0.180780858
0.272544026,0.281037718,0.266217113,0.42711243,0.357717484,0.415533751,0.493904293,0.229336217,0.419063836,0.181045085
0.272575855,0.281263202,0.266071618,0.428128004,0.358333349,0.415685087,0.494172931,0.22960192,0.419626415,0.181309327
0.272607654,0.281488657,0.265926152,0.429143578,0.358949244,0.415836453,0.494441599,0.229867637,0.420188963,0.181573555
0.272639483,0.281714141,0.265780658,0.430159152,0.359565139,0.41598776,0.494710267,0.230133355,0.420751572,0.181837797
0.272671282,0.281939596,0.265635163,0.431174695,0.360181034,0.416139066,0.494978935,0.230399072,0.42131412,0.182102025
0.272703111,0.282165051,0.265489697,0.432190269,0.360796928,0.416290432,0.495247573,0.23066476,0.421876669,0.182366267
0.27273494,0.282390505,0.265344203,0.433205813,0.361412764,0.416441768,0.495516241,0.230930477,0.422439218,0.182630494
0.272766739,0.28261596,0.265198708,0.434221387,0.362028688,0.416593105,0.495784909,0.231196195,0.423001826,0.182894722
0.272798568,0.282841414,0.265053213,0.435236931,0.362644583,0.416744411,0.496053576,0.231461912,0.423564374,0.183158964
0.272830367,0.283066899,0.264907777,0.436252505,0.363260448,0.416895747,0.496322244,0.23172763,0.424126923,0.183423191
0.272862196,0.283292383,0.264762282,0.437268078,0.363876343,0.417047083,0.496590853,0.231993318,0.424689531,0.183687419
0.272893995,0.283517838,0.264616787,0.438283622,0.364492238,0.41719842,0.49685955,0.232259035,0.42525208,0.183951646
0.272925824,0.283743322,0.264471322,0.439299196,0.365108103,0.417349786,0.497128218,0.232524753,0.425814658,0.184215903
0.272957623,0.283968776,0.264325827,0.44031474,0.365723997,0.417501092,0.497396886,0.23279047,0.426377207,0.184480131
0.272989452,0.284194231,0.264180362,0.441330314,0.366339862,0.417652428,0.497665584,0.233056188,0.426939785,0.184744358
0.273021281,0.284419656,0.264034867,0.442345887,0.366955757,0.417803735,0.497934192,0.233321875,0.427502334,0.1850086
0.27305308,0.28464514,0.263889372,0.443361461,0.367571652,0.417955101,0.49820286,0.233587593,0.428064883,0.185272828
0.273084909,0.284870625,0.263743877,0.444377005,0.368187517,0.418106437,0.498471528,0.23385331,0.428627491,0.185537055
0.273116708,0.285096079,0.263598382,0.445392549,0.368803412,0.418257743,0.498740226,0.234119028,0.42919004,0.185801297
0.273148537,0.285321534,0.263452947,0.446408093,0.369419307,0.418409109,0.499008834,0.234384716,0.429752618,0.186065525
0.273180336,0.285547018,0.263307452,0.447423697,0.370035201,0.418560445,0.499277502,0.234650448,0.430315197,0.186329752
0.273212165,0.285772473,0.263161957,0.44843924,0.370651066,0.418711752,0.49954617,0.234916151,0.430877745,0.18659398
0.273243964,0.285997927,0.263016462,0.449454784,0.371266961,0.418863118,0.499814868,0.235181868,0.431440324,0.186858237
0.273275793,0.286223382,0.262870997,0.450470388,0.371882856,0.419014424,0.500083566,0.235447586,0.432002872,0.187122464
0.273307621,0.286448866,0.262725532,0.451485932,0.372498751,0.41916576,0.500352144,0.235713288,0.432565451,0.187386692
0.273339421,0.286674321,0.262580007,0.452501476,0.373114586,0.419317096,0.500620842,0.235978991,0.433127999,0.187650934
0.273371249,0.286899775,0.262434542,0.453517079,0.373730481,0.419468462,0.50088948,0.236244708,0.433690608,0.187915161
0.273403049,0.28712526,0.262289047,0.454532623,0.374346405,0.419619769,0.501158178,0.236510426,0.434253156,0.188179389
0.273434877,0.287350714,0.262143582,0.455548167,0.37496227,0.419771075,0.501426816,0.236776128,0.434815705,0.188443616
0.273466676,0.287576169,0.261998087,0.456563741,0.375578165,0.419922411,0.501695454,0.237041846,0.435378283,0.188707858
0.273498505,0.287801623,0.261852622,0.457579315,0.37619403,0.420073777,0.501964152,0.237307563,0.435940862,0.188972086
0.273530334,0.288027108,0.261707127,0.458594859,0.376809925,0.420225114,0.50223285,0.237573266,0.43650341,0.189236313
0.273562133,0.288252592,0.261561632,0.459610432,0.37742582,0.42037645,0.502501428,0.237838984,0.437065959,0.18950057
0.273593962,0.288478047,0.261416167,0.460626006,0.378041685,0.420527756,0.502770126,0.238104701,0.437628567,0.189764798
0.273625761,0.288703501,0.261270702,0.46164155,0.378657579,0.420679092,0.503038764,0.238370404,0.438191116,0.190029025
0.27365759,0.288928956,0.261125207,0.462657094,0.379273474,0.420830429,0.503307462,0.238636121,0.438753664,0.190293267
0.273689389,0.28915441,0.260979712,0.463672638,0.379889339,0.420981795,0.5035761,0.238901824,0.439316243,0.190557495
0.273721218,0.289379865,0.260834217,0.464688241,0.380505234,0.421133131,0.503844738,0.239167541,0.439878821,0.190821722
0.273753047,0.289605319,0.260688752,0.465703785,0.381121099,0.421284437,0.504113436,0.239433259,0.4404414,0.19108595
0.273784846,0.289830834,0.260543257,0.466719359,0.381736994,0.421435744,0.504382074,0.239698961,0.441003919,0.191350192
0.273816645,0.290056288,0.260397792,0.467734933,0.382352889,0.42158711,0.504650772,0.239964664,0.441566527,0.191614419
0.273848474,0.290281743,0.260252297,0.468750477,0.382968754,0.421738446,0.50491941,0.240230381,0.442129076,0.191878647
0.273880303,0.290507227,0.260106802,0.469766021,0.383584678,0.421889782,0.505188048,0.240496099,0.442691624,0.192142904
0.273912132,0.290732682,0.259961337,0.470781624,0.384200573,0.422041118,0.505456746,0.240761817,0.443254232,0.192407131
0.273943901,0.290958136,0.259815872,0.471797168,0.384816438,0.422192454,0.505725384,0.241027534,0.443816781,0.192671359
0.27397573,0.291183561,0.259670377,0.472812712,0.385432303,0.422343761,0.505994022,0.241293237,0.44437933,0.192935601
0.274007559,0.291409045,0.259524882,0.473828286,0.386048198,0.422495097,0.50626272,0.241558954,0.444941908,0.193199828
0.274039388,0.29163453,0.259379387,0.47484383,0.386664093,0.422646463,0.506531358,0.241824657,0.445504487,0.193464056
0.274071187,0.291859984,0.259233922,0.475859404,0.387279987,0.422797769,0.506800056,0.242090374,0.446067035,0.193728283
0.274102986,0.292085439,0.259088427,0.476874977,0.387895852,0.422949106,0.507068753,0.242356062,0.446629614,0.193992525
0.274134815,0.292310923,0.258942962,0.477890521,0.388511717,0.423100471,0.507337332,0.242621779,0.447192162,0.194256753
0.274166644,0.292536378,0.258797467,0.478906095,0.389127612,0.423251778,0.50760603,0.242887497,0.447754741,0.194520995
0.274198472,0.292761832,0.258651972,0.479921669,0.389743507,0.423403114,0.507874727,0.243153229,0.448317319,0.194785237
0.274230242,0.292987317,0.258506507,0.480937243,0.390359402,0.42355442,0.508143365,0.243418932,0.448879898,0.195049465
0.2742621,0.293212801,0.258361042,0.481952786,0.390975296,0.423705786,0.508412004,0.243684649,0.449442446,0.195313692
0.2742939,0.293438226,0.258215547,0.48296836,0.391591132,0.423857123,0.508680642,0.243950367,0.450004995,0.195577919
0.317828149,0.416771233,0.32875213,0.566351295,0.686546206,0.358536392,0.484376937,0.325080782,0.556676984,0.583843946
0.31777823,0.416871846,0.328508347,0.566444218,0.686013341,0.358384937,0.484127641,0.324968636,0.55648452,0.584095776
0.317728311,0.416972458,0.328264594,0.566537142,0.685480535,0.358233511,0.483878314,0.32485655,0.556291938,0.584347665
0.317678392,0.417073041,0.328020781,0.566630125,0.684947729,0.358082026,0.483628988,0.324744433,0.556099415,0.584599435
0.317628473,0.417173654,0.327777028,0.566723049,0.684414864,0.357930541,0.483379692,0.324632287,0.555906892,0.584851265
0.317578524,0.417274266,0.327533245,0.566815972,0.683881998,0.357779086,0.483130366,0.324520171,0.555714369,0.585103154
0.317528605,0.417374879,0.327289462,0.566908896,0.683349133,0.35762766,0.482881069,0.324408054,0.555521846,0.585354924
0.317478716,0.417475462,0.327045679,0.567001879,0.682816327,0.357476205,0.482631713,0.324295938,0.555329323,0.585606813
0.317428768,0.417576075,0.326801896,0.567094803,0.682283461,0.35732469,0.482382417,0.324183792,0.5551368,0.585858583
0.317378879,0.417676687,0.326558113,0.567187786,0.681750655,0.357173234,0.48213309,0.324071705,0.554944277,0.586110473
0.31732893,0.41777727,0.32631433,0.567280769,0.68121779,0.357021809,0.481883794,0.323959559,0.554751754,0.586362302
0.317279041,0.417877883,0.326070577,0.567373633,0.680684924,0.356870353,0.481634468,0.323847443,0.554559231,0.586614132
0.317229092,0.417978495,0.325826824,0.567466557,0.680152059,0.356718898,0.481385142,0.323735297,0.554366708,0.586865962
0.317179173,0.418079108,0.325583011,0.5675596,0.679619193,0.356567383,0.481135815,0.32362321,0.554174185,0.587117791
0.317129254,0.418179691,0.325339258,0.567652464,0.679086387,0.356415957,0.480886519,0.323511064,0.553981662,0.587369561
0.317079335,0.418280274,0.325095475,0.567745447,0.678553522,0.356264502,0.480637193,0.323398948,0.553789139,0.58762145
0.317029417,0.418380916,0.324851692,0.56783843,0.678020716,0.356113046,0.480387866,0.323286831,0.553596616,0.58787328
0.316979498,0.418481529,0.324607909,0.567931354,0.67748785,0.355961561,0.48013857,0.323174715,0.553404093,0.58812511
0.316929579,0.418582112,0.324364126,0.568024278,0.676954985,0.355810106,0.479889214,0.323062599,0.55321157,0.588376939
0.31687966,0.418682724,0.324120343,0.568117201,0.676422119,0.35565865,0.479639918,0.322950482,0.553018987,0.588628769
0.316829741,0.418783337,0.32387656,0.568210185,0.675889313,0.355507195,0.479390591,0.322838366,0.552826464,0.588880599
0.316779792,0.41888392,0.323632777,0.568303108,0.675356448,0.35535571,0.479141295,0.32272622,0.552633941,0.589132428
0.316729903,0.418984532,0.323388994,0.568396032,0.674823642,0.355204284,0.478891969,0.322614133,0.552441418,0.589384258
0.316679955,0.419085145,0.323145211,0.568489015,0.674290717,0.355052799,0.478642642,0.322501987,0.552248895,0.589636087
0.316630065,0.419185758,0.322901428,0.568581939,0.673757911,0.354901344,0.478393316,0.322389871,0.552056372,0.589887917
0.316580147,0.41928634,0.322657675,0.568674922,0.673225045,0.354749858,0.47814402,0.322277725,0.551863849,0.590139747
0.316530198,0.419386953,0.322413892,0.568767905,0.67269218,0.354598433,0.477894694,0.322165638,0.551671326,0.590391636
0.316480279,0.419487566,0.322170109,0.568860769,0.672159314,0.354446977,0.477645397,0.322053492,0.551478803,0.590643406
0.31643036,0.419588178,0.321926355,0.568953753,0.671626508,0.354295492,0.477396071,0.321941376,0.551286221,0.590895236
0.316380441,0.419688761,0.321682572,0.569046676,0.671093702,0.354144007,0.477146745,0.321829259,0.551093757,0.591147065
0.316330522,0.419789374,0.321438789,0.5691396,0.670560777,0.353992581,0.476897418,0.321717143,0.550901234,0.591398895
0.316280603,0.419889987,0.321195006,0.569232583,0.670027971,0.353841126,0.476648092,0.321605027,0.550708652,0.591650784
0.316230714,0.419990569,0.320951223,0.569325507,0.669495106,0.353689641,0.476398796,0.32149291,0.550516129,0.591902554
0.316180766,0.420091182,0.32070744,0.56941849,0.66896224,0.353538156,0.47614947,0.321380794,0.550323606,0.592154384
0.316130847,0.420191824,0.320463657,0.569511414,0.668429375,0.35338673,0.475900143,0.321268648,0.550131083,0.592406273
0.316080928,0.420292437,0.320219874,0.569604397,0.667896569,0.353235275,0.475650817,0.321156532,0.54993856,0.592658043
0.316031009,0.42039302,0.319976091,0.56969732,0.667363703,0.353083819,0.475401521,0.321044415,0.549746037,0.592909932
0.31598109,0.420493603,0.319732338,0.569790244,0.666830897,0.352932334,0.475152194,0.320932299,0.549553514,0.593161762
0.315931171,0.420594215,0.319488555,0.569883168,0.666297972,0.352780879,0.474902898,0.320820153,0.549360991,0.593413591
0.315881252,0.420694828,0.319244802,0.569976151,0.665765166,0.352629423,0.474653572,0.320708036,0.549168468,0.593665421
0.315831304,0.420795411,0.319001019,0.570069075,0.665232301,0.352477968,0.474404275,0.32059592,0.548975945,0.593917251
0.315781415,0.420896024,0.318757236,0.570162058,0.664699435,0.352326512,0.474154919,0.320483804,0.548783422,0.59416908
0.315731496,0.420996636,0.318513453,0.570255041,0.664166629,0.352175027,0.473905593,0.320371687,0.548590899,0.59442091
0.315681577,0.421097219,0.31826967,0.570347965,0.663633764,0.352023572,0.473656297,0.320259571,0.548398376,0.59467268
0.315631628,0.421197832,0.318025887,0.570440888,0.663100898,0.351872116,0.473406971,0.320147455,0.548205853,0.594924569
0.315581739,0.421298444,0.317782104,0.570533872,0.662568092,0.351720661,0.473157674,0.320035309,0.54801333,0.595176399
0.31553179,0.421399057,0.317538321,0.570626795,0.662035227,0.351569206,0.472908318,0.319923192,0.547820747,0.595428228
0.315481871,0.42149964,0.317294568,0.570719719,0.661502361,0.35141772,0.472659022,0.319811076,0.547628284,0.595680058
0.315431952,0.421600252,0.317050785,0.570812702,0.660969496,0.351266265,0.472409695,0.31969896,0.547435701,0.595931828
0.315382034,0.421700865,0.316807002,0.570905626,0.66043669,0.35111481,0.472160399,0.319586813,0.547243178,0.596183717
0.315332115,0.421801478,0.316563219,0.570998549,0.659903824,0.350963354,0.471911073,0.319474697,0.547050714,0.596435547
0.315282196,0.421902061,0.316319466,0.571091533,0.659370959,0.350811899,0.471661776,0.319362581,0.546858132,0.596687376
0.315232277,0.422002673,0.316075683,0.571184516,0.658838153,0.350660414,0.47141245,0.319250464,0.546665668,0.596939206
0.315182358,0.422103316,0.3158319,0.57127744,0.658305287,0.350508988,0.471163094,0.319138348,0.546473086,0.597191095
0.315132439,0.422203898,0.315588117,0.571370363,0.657772422,0.350357503,0.470913798,0.319026232,0.546280563,0.597442865
0.31508252,0.422304511,0.315344334,0.571463346,0.657239556,0.350206047,0.470664471,0.318914086,0.54608804,0.597694755
0.315032601,0.422405124,0.315100551,0.57155627,0.65670675,0.350054592,0.470415175,0.318801999,0.545895517,0.597946525
0.314982682,0.422505736,0.314856768,0.571649194,0.656173885,0.349903136,0.470165819,0.318689883,0.545702994,0.598198354
0.314932764,0.422606319,0.314612985,0.571742177,0.655641079,0.349751681,0.469916523,0.318577737,0.545510471,0.598450184
0.314882845,0.422706902,0.314369202,0.571835101,0.655108213,0.349600196,0.469667196,0.31846565,0.545317948,0.598702013
0.314832926,0.422807515,0.314125419,0.571928024,0.654575348,0.34944874,0.4694179,0.318353504,0.545125425,0.598953903
0.314782977,0.422908127,0.313881665,0.572021008,0.654042482,0.349297315,0.469168574,0.318241388,0.544932902,0.599205732
0.314733088,0.42300871,0.313637853,0.572113931,0.653509676,0.34914583,0.468919277,0.318129241,0.544740379,0.599457502
0.314683139,0.423109323,0.313394099,0.572206855,0.652976811,0.348994344,0.468669951,0.318017125,0.544547856,0.599709392
0.31463325,0.423209935,0.313150316,0.572299838,0.652443945,0.348842889,0.468420625,0.317905009,0.544355333,0.599961221
0.314583302,0.423310518,0.312906563,0.572392762,0.651911139,0.348691463,0.468171299,0.317792892,0.54416281,0.600213051
0.314533412,0.423411131,0.31266278,0.572485685,0.651378274,0.348540008,0.467921972,0.317680776,0.543970227,0.60046488
0.314483464,0.423511744,0.312418997,0.572578669,0.650845408,0.348388493,0.467672676,0.31756866,0.543777764,0.60071671
0.314433545,0.423612356,0.312175214,0.572671652,0.650312543,0.348237038,0.46742332,0.317456514,0.543585241,0.60096854
0.314383626,0.423712939,0.311931431,0.572764575,0.649779737,0.348085612,0.467174023,0.317344427,0.543392658,0.601220369
0.314333707,0.423813552,0.311687648,0.572857499,0.649246871,0.347934157,0.466924697,0.317232281,0.543200195,0.601472139
0.314283788,0.423914194,0.311443865,0.572950482,0.648714066,0.347782671,0.466675401,0.317120165,0.543007612,0.601724029
0.314233869,0.424014777,0.311200082,0.573043346,0.6481812,0.347631186,0.466426075,0.317008048,0.542815089,0.601975858
0.31418395,0.42411539,0.310956299,0.57313633,0.647648335,0.347479761,0.466176778,0.316895932,0.542622566,0.602227688
0.314134002,0.424216002,0.310712546,0.573229313,0.647115469,0.347328305,0.465927452,0.316783786,0.542430043,0.602479517
0.314084113,0.424316615,0.310468793,0.573322237,0.646582663,0.34717682,0.465678155,0.316671669,0.54223752,0.602731347
0.314034194,0.424417198,0.31022498,0.57341516,0.646049738,0.347025335,0.465428799,0.316559553,0.542044997,0.602983177
0.313984275,0.42451781,0.309981227,0.573508143,0.645516872,0.346873909,0.465179503,0.316447437,0.541852415,0.603235006
0.313934356,0.424618423,0.309737444,0.573601067,0.644984066,0.346722454,0.464930177,0.31633532,0.541659951,0.603486836
0.313884437,0.424719036,0.309493661,0.573693991,0.644451261,0.346570998,0.464680851,0.316223204,0.541467428,0.603738666
0.313834518,0.424819618,0.309249878,0.573786974,0.643918395,0.346419513,0.464431524,0.316111058,0.541274905,0.603990555
0.31378457,0.424920201,0.309006095,0.573879898,0.64338553,0.346268058,0.464182198,0.315998942,0.541082382,0.604242325
0.313734651,0.425020814,0.308762312,0.573972821,0.642852664,0.346116602,0.463932902,0.315886825,0.5408898,0.604494214
0.313684762,0.425121397,0.308518559,0.574065804,0.642319858,0.345965147,0.463683575,0.315774709,0.540697336,0.604745984
0.313634813,0.425222009,0.308274806,0.574158788,0.641786993,0.345813662,0.463434279,0.315662563,0.540504754,0.604997873
0.313584924,0.425322622,0.308030993,0.574251711,0.641254127,0.345662236,0.463184953,0.315550476,0.54031229,0.605249643
0.313534975,0.425423235,0.30778724,0.574344695,0.640721321,0.345510751,0.462935656,0.31543833,0.540119708,0.605501473
0.313485086,0.425523818,0.307543457,0.574437618,0.640188456,0.345359296,0.4626863,0.315326214,0.539927185,0.605753303
0.313435137,0.42562443,0.307299674,0.574530602,0.63965559,0.34520781,0.462437004,0.315214097,0.539734721,0.606005192
0.313385218,0.425725073,0.307055891,0.574623525,0.639122725,0.345056385,0.462187678,0.315101981,0.539542139,0.606257021
0.313335299,0.425825685,0.306812108,0.574716449,0.638589859,0.344904929,0.461938381,0.314989835,0.539349616,0.606508851
0.313285381,0.425926268,0.306568325,0.574809432,0.638057053,0.344753444,0.461689025,0.314877748,0.539157093,0.606760621
0.313235462,0.426026881,0.306324542,0.574902356,0.637524188,0.344601959,0.461439699,0.314765602,0.53896457,0.607012451
0.313185543,0.426127493,0.306080759,0.574995279,0.636991382,0.344450533,0.461190403,0.314653486,0.538772047,0.60726434
0.313135624,0.426228076,0.305836976,0.575088263,0.636458516,0.344299078,0.460941076,0.31454134,0.538579524,0.60751617
0.313085675,0.426328689,0.305593193,0.575181186,0.635925651,0.344147623,0.46069178,0.314429253,0.538386941,0.607767999
0.313035786,0.426429302,0.305349439,0.575274169,0.635392785,0.343996108,0.460442454,0.314317107,0.538194478,0.608019829
0.312985837,0.426529914,0.305105656,0.575367093,0.634859979,0.343844682,0.460193157,0.314204991,0.538001955,0.608271658
0.312935948,0.426630497,0.304861903,0.575460017,0.634327114,0.343693227,0.459943831,0.314092904,0.537809372,0.608523488
0.312886,0.42673111,0.30461809,0.575553,0.633794308,0.343541771,0.459694505,0.313980758,0.537616849,0.608775258
0.312836111,0.426831722,0.304374337,0.575645924,0.633261383,0.343390316,0.459445179,0.313868642,0.537424326,0.609027147
0.312786192,0.426932335,0.304130554,0.575738847,0.632728577,0.343238831,0.459195852,0.313756526,0.537231803,0.609278977
0.312736243,0.427032918,0.303886771,0.575831831,0.632195711,0.343087375,0.458946526,0.313644409,0.53703928,0.609530807
0.312686324,0.427133501,0.303642988,0.575924754,0.631662846,0.34293592,0.4586972,0.313532293,0.536846757,0.609782636
0.312636405,0.427234113,0.303399205,0.576017737,0.63113004,0.342784464,0.458447903,0.313420177,0.536654234,0.610034525
0.312586486,0.427334696,0.303155422,0.576110661,0.630597174,0.342633009,0.458198577,0.31330803,0.536461711,0.610286295
0.312536567,0.427435309,0.302911639,0.576203585,0.630064309,0.342481524,0.457949281,0.313195914,0.536269188,0.610538125
0.312486649,0.427535921,0.302667886,0.576296568,0.629531503,0.342330068,0.457699955,0.313083798,0.536076665,0.610789955
0.31243673,0.427636564,0.302424073,0.576389492,0.628998637,0.342178613,0.457450658,0.312971681,0.535884142,0.611041784
0.312386811,0.427737147,0.30218032,0.576482415,0.628465772,0.342027158,0.457201332,0.312859535,0.535691619,0.611293674
0.312336862,0.427837759,0.301936567,0.576575398,0.627932966,0.341875702,0.456952006,0.312747419,0.535499096,0.611545444
0.312286973,0.427938372,0.301692784,0.576668322,0.6274001,0.341724217,0.456702679,0.312635303,0.535306573,0.611797333
0.312237024,0.428038985,0.301449001,0.576761246,0.626867235,0.341572762,0.456453383,0.312523186,0.53511405,0.612049162
0.312187135,0.428139567,0.301205218,0.576854229,0.626334369,0.341421306,0.456204057,0.31241107,0.534921467,0.612300992
0.312137187,0.42824018,0.300961435,0.576947153,0.625801563,0.341269851,0.455954731,0.312298924,0.534729004,0.612552762
0.312087297,0.428340793,0.300717652,0.577040076,0.625268698,0.341118395,0.455705404,0.312186837,0.534536481,0.612804592
0.312037349,0.428441375,0.300473869,0.57713306,0.624735832,0.34096691,0.455456078,0.312074691,0.534343898,0.613056421
0.31198743,0.428541988,0.300230086,0.577225983,0.624202967,0.340815455,0.455206782,0.311962575,0.534151435,0.613308311
0.311937511,0.428642601,0.299986303,0.577318907,0.623670161,0.340663999,0.454957455,0.311850429,0.533958852,0.613560081
0.311887592,0.428743213,0.29974255,0.57741189,0.623137295,0.340512544,0.454708159,0.311738342,0.533766389,0.61381197
0.311837673,0.428843796,0.299498767,0.577504873,0.622604489,0.340361118,0.454458833,0.311626196,0.533573806,0.614063799
0.311787754,0.428944409,0.299255013,0.577597797,0.622071624,0.340209633,0.454209536,0.31151408,0.533381283,0.614315569
0.311737835,0.429045022,0.299011201,0.577690721,0.621538758,0.340058148,0.45396018,0.311401963,0.53318876,0.614567459
0.311687887,0.429145634,0.298767447,0.577783644,0.621005893,0.339906693,0.453710884,0.311289847,0.532996237,0.614819288
0.311637998,0.429246217,0.298523664,0.577876627,0.620473087,0.339755267,0.453461558,0.311177701,0.532803774,0.615071118
0.311588049,0.42934683,0.298279881,0.577969551,0.619940162,0.339603812,0.453212231,0.311065614,0.532611132,0.615322948
0.31153816,0.429447442,0.298036098,0.578062534,0.619407356,0.339452296,0.452962905,0.310953498,0.532418609,0.615574777
0.311488241,0.429548025,0.297792315,0.578155458,0.61887455,0.339300841,0.452713609,0.310841352,0.532226086,0.615826607
0.311438322,0.429648638,0.297548532,0.578248382,0.618341684,0.339149415,0.452464283,0.310729265,0.532033622,0.616078496
0.311388373,0.42974925,0.297304749,0.578341365,0.617808819,0.33899796,0.452214956,0.310617119,0.53184104,0.616330266
0.311338454,0.429849863,0.297060996,0.578434348,0.617275953,0.338846445,0.45196566,0.310505003,0.531648576,0.616582096
0.311288536,0.429950446,0.296817213,0.578527331,0.616743147,0.33869499,0.451716334,0.310392857,0.531455994,0.616833925
0.311238617,0.430051059,0.2965734,0.578620195,0.616210282,0.338543564,0.451467037,0.31028074,0.531263471,0.617085755
0.311188698,0.430151671,0.296329618,0.578713179,0.615677476,0.338392109,0.451217681,0.310168624,0.531070948,0.617337584
0.311138779,0.430252254,0.296085864,0.578806162,0.615144551,0.338240623,0.450968385,0.310056508,0.530878425,0.617589414
0.31108886,0.430352867,0.295842081,0.578899086,0.614611745,0.338089138,0.450719059,0.309944391,0.530685902,0.617841244
0.311038941,0.430453479,0.295598328,0.578992009,0.614078879,0.337937713,0.450469732,0.309832275,0.530493379,0.618093073
0.310989022,0.430554092,0.295354545,0.579084992,0.613546073,0.337786257,0.450220406,0.309720129,0.530300856,0.618344903
0.310939103,0.430654675,0.295110762,0.579177916,0.613013148,0.337634772,0.44997111,0.309608042,0.530108333,0.618596792
0.310889184,0.430755287,0.294866979,0.57927084,0.612480342,0.337483317,0.449721783,0.309495896,0.52991581,0.618848562
0.310839266,0.4308559,0.294623196,0.579363763,0.611947477,0.337331861,0.449472487,0.30938378,0.529723287,0.619100392
0.310789347,0.430956513,0.294379413,0.579456747,0.611414671,0.337180406,0.449223161,0.309271663,0.529530764,0.619352281
0.310739428,0.431057096,0.29413563,0.57954967,0.610881746,0.33702895,0.448973835,0.309159547,0.529338241,0.619604111
0.310689509,0.431157708,0.293891847,0.579642653,0.61034894,0.336877465,0.448724538,0.309047401,0.529145718,0.619855881
0.31063956,0.431258321,0.293648094,0.579735577,0.609816074,0.33672604,0.448475212,0.308935285,0.528953195,0.62010777
0.310589671,0.431358933,0.293404311,0.57982856,0.609283268,0.336574554,0.448225886,0.308823168,0.528760672,0.62035954
0.310539722,0.431459546,0.293160528,0.579921484,0.608750403,0.336423099,0.447976559,0.308711052,0.528568149,0.620611429
0.310489833,0.431560159,0.292916745,0.580014467,0.608217537,0.336271614,0.447727263,0.308598936,0.528375626,0.620863259
0.310439885,0.431660742,0.292672992,0.580107391,0.607684731,0.336120188,0.447477907,0.308486819,0.528183103,0.621115088
0.310389996,0.431761324,0.292429209,0.580200315,0.607151866,0.335968733,0.447228611,0.308374703,0.52799058,0.621366918
0.310340047,0.431861937,0.292185426,0.580293298,0.606619,0.335817248,0.446979284,0.308262557,0.527798057,0.621618688
0.310290128,0.43196255,0.291941643,0.580386221,0.606086135,0.335665762,0.446729988,0.30815044,0.527605534,0.621870577
0.310240209,0.432063162,0.29169786,0.580479145,0.605553329,0.335514337,0.446480662,0.308038354,0.527412951,0.622122407
0.31019029,0.432163745,0.291454077,0.580572069,0.605020463,0.335362881,0.446231365,0.307926208,0.527220368,0.622374177
0.310140371,0.432264358,0.291210294,0.580665052,0.604487598,0.335211426,0.445982039,0.307814091,0.527027905,0.622626066
0.310090452,0.43236497,0.290966511,0.580757976,0.603954732,0.335059911,0.445732713,0.307701945,0.526835382,0.622877896
0.310040534,0.432465553,0.290722758,0.580850959,0.603421926,0.334908485,0.445483387,0.307589859,0.526642799,0.623129725
0.309990615,0.432566166,0.290478975,0.580943882,0.602889061,0.33475703,0.44523406,0.307477713,0.526450336,0.623381615
0.309940696,0.432666779,0.290235192,0.581036806,0.602356195,0.334605575,0.444984764,0.307365596,0.526257753,0.623633385
0.309890777,0.432767391,0.289991438,0.581129789,0.60182339,0.334454089,0.444735408,0.30725345,0.52606529,0.623885214
0.309840858,0.432867974,0.289747655,0.581222713,0.601290524,0.334302634,0.444486111,0.307141364,0.525872707,0.624137044
0.309790939,0.432968587,0.289503872,0.581315637,0.600757658,0.334151179,0.444236785,0.307029217,0.525680184,0.624388874
0.30974102,0.433069199,0.289260089,0.58140862,0.600224853,0.333999723,0.443987489,0.306917101,0.525487661,0.624640703
0.309691101,0.433169842,0.289016306,0.581501544,0.599691987,0.333848238,0.443738163,0.306804955,0.525295138,0.624892592
0.309641182,0.433270425,0.288772523,0.581594527,0.599159122,0.333696812,0.443488866,0.306692868,0.525102615,0.625144362
0.309591234,0.433371037,0.28852874,0.58168745,0.598626256,0.333545327,0.44323954,0.306580752,0.524910092,0.625396192
0.309541345,0.43347165,0.288284957,0.581780374,0.59809345,0.333393872,0.442990243,0.306468606,0.524717629,0.625648022
0.309491396,0.433572233,0.288041174,0.581873357,0.597560585,0.333242416,0.442740917,0.306356519,0.524525046,0.625899911
