elec_demand_AZ,elec_demand_CA,elec_demand_CO,elec_demand_ID,elec_demand_MT,elec_demand_NM,elec_demand_NV,elec_demand_OR,elec_demand_UT,elec_demand_WA,elec_demand_WY
14536.0,27956.0,13426.0,5445.0,3021.0,3870.0,8143.0,10948.0,8174.0,19657.0,2880.0
13151.0,25470.0,12116.0,4974.0,2725.0,3540.0,7616.0,10030.0,7444.0,18066.0,2696.0
11959.0,22583.0,10974.0,4531.0,2513.0,3318.0,6959.0,9081.0,6812.0,16311.0,2539.0
11271.0,19976.0,10447.0,4178.0,2368.0,3166.0,6296.0,8307.0,6436.0,14716.0,2481.0
10801.0,18348.0,9962.0,4023.0,2269.0,3095.0,5979.0,7799.0,6196.0,13803.0,2464.0
10599.0,17233.0,9759.0,3927.0,2205.0,3058.0,5734.0,7546.0,6060.0,13341.0,2428.0
10742.0,16519.0,9752.0,3904.0,2208.0,3107.0,5588.0,7417.0,6039.0,13073.0,2373.0
11462.0,16341.0,10107.0,4057.0,2292.0,3209.0,5559.0,7550.0,6278.0,13337.0,2425.0
12902.0,17071.0,11182.0,4518.0,2590.0,3513.0,5895.0,8284.0,6972.0,14629.0,2512.0
14216.0,19526.0,12704.0,5176.0,2981.0,3793.0,6437.0,9552.0,7960.0,16885.0,2743.0
15212.0,22717.0,14366.0,5692.0,3248.0,4159.0,7018.0,10801.0,8821.0,19113.0,2986.0
15084.0,25704.0,14430.0,5872.0,3282.0,4216.0,7716.0,11500.0,8919.0,20474.0,3040.0
14412.0,26636.0,13786.0,5789.0,3204.0,4087.0,8071.0,11700.0,8730.0,20757.0,3022.0
13777.0,25337.0,12881.0,5664.0,3064.0,3918.0,7770.0,11498.0,8449.0,20475.0,2979.0
13658.0,23997.0,12414.0,5551.0,3024.0,3844.0,7341.0,11126.0,8220.0,19684.0,2899.0
13811.0,23753.0,12247.0,5492.0,3001.0,3785.0,7251.0,10986.0,8046.0,19433.0,2878.0
13780.0,23732.0,12161.0,5396.0,2976.0,3738.0,7090.0,10942.0,7812.0,19192.0,2865.0
14374.0,23490.0,12625.0,5495.0,3055.0,3809.0,7002.0,10925.0,7957.0,19047.0,2915.0
14958.0,24579.0,13589.0,5744.0,3242.0,3865.0,7148.0,11175.0,8324.0,19562.0,3024.0
16381.0,26326.0,15139.0,6146.0,3526.0,4199.0,7732.0,11980.0,8869.0,21201.0,3143.0
17708.0,29697.0,16073.0,6496.0,3724.0,4458.0,8574.0,12810.0,9342.0,22759.0,3297.0
17548.0,31660.0,16124.0,6512.0,3698.0,4435.0,8958.0,13205.0,9489.0,23658.0,3264.0
16825.0,31560.0,15350.0,6317.0,3534.0,4279.0,8962.0,13148.0,9167.0,23456.0,3189.0
15782.0,29732.0,14442.0,6031.0,3404.0,4110.0,8593.0,12588.0,8803.0,22492.0,3082.0
14497.0,27934.0,13311.0,5657.0,3158.0,3816.0,8234.0,11838.0,8298.0,21241.0,2929.0
13130.0,25366.0,11983.0,5149.0,2833.0,3506.0,7684.0,10864.0,7627.0,19485.0,2760.0
11957.0,22398.0,10991.0,4751.0,2622.0,3244.0,6965.0,9892.0,7195.0,17666.0,2652.0
11126.0,19974.0,10266.0,4471.0,2447.0,3075.0,6315.0,8926.0,6931.0,15907.0,2582.0
10643.0,18172.0,9928.0,4329.0,2375.0,2978.0,5924.0,8403.0,6667.0,15064.0,2574.0
10472.0,16934.0,9585.0,4219.0,2313.0,2954.0,5652.0,8107.0,6499.0,14535.0,2504.0
10603.0,16272.0,9627.0,4203.0,2304.0,2974.0,5528.0,7991.0,6514.0,14304.0,2487.0
11374.0,16168.0,10056.0,4410.0,2392.0,3092.0,5495.0,8114.0,6776.0,14575.0,2566.0
12800.0,16832.0,11323.0,4893.0,2710.0,3346.0,5766.0,8843.0,7492.0,15838.0,2667.0
14021.0,19281.0,12826.0,5571.0,3097.0,3650.0,6384.0,10132.0,8519.0,18079.0,2868.0
14953.0,22653.0,14603.0,6102.0,3373.0,3969.0,6991.0,11283.0,9543.0,20169.0,3154.0
15032.0,25834.0,14829.0,6228.0,3358.0,4029.0,7713.0,12035.0,9619.0,21369.0,3203.0
14382.0,26613.0,14201.0,6063.0,3267.0,3937.0,7929.0,12247.0,9410.0,21665.0,3184.0
13790.0,25587.0,13407.0,5823.0,3158.0,3815.0,7748.0,11921.0,9024.0,20973.0,3125.0
13696.0,24380.0,13126.0,5666.0,3088.0,3758.0,7400.0,11476.0,8899.0,20138.0,3087.0
13706.0,24081.0,12968.0,5569.0,3024.0,3741.0,7226.0,11162.0,8737.0,19684.0,3053.0
13724.0,23894.0,12928.0,5471.0,2998.0,3715.0,7128.0,11062.0,8519.0,19365.0,3066.0
14037.0,23633.0,13459.0,5551.0,3076.0,3834.0,7006.0,10959.0,8607.0,19161.0,3075.0
14622.0,24595.0,14607.0,5788.0,3265.0,3905.0,7290.0,11160.0,8854.0,19706.0,3165.0
16079.0,26331.0,16290.0,6280.0,3575.0,4223.0,7896.0,11991.0,9475.0,21276.0,3329.0
17342.0,29848.0,17365.0,6662.0,3772.0,4449.0,8610.0,12891.0,10129.0,22807.0,3470.0
17378.0,32025.0,17431.0,6707.0,3775.0,4428.0,9026.0,13395.0,10268.0,23701.0,3457.0
16650.0,31987.0,16572.0,6509.0,3614.0,4255.0,9057.0,13319.0,9984.0,23594.0,3346.0
15805.0,30224.0,15830.0,6240.0,3448.0,4059.0,8723.0,12729.0,9537.0,22538.0,3233.0
14585.0,28511.0,14792.0,5873.0,3207.0,3738.0,8264.0,11999.0,9048.0,21357.0,3095.0
13181.0,26100.0,13400.0,5407.0,2910.0,3466.0,7755.0,11034.0,8247.0,19651.0,2901.0
11983.0,23168.0,12462.0,4994.0,2695.0,3245.0,7073.0,9991.0,7689.0,17753.0,2773.0
11250.0,20552.0,11717.0,4685.0,2532.0,3087.0,6453.0,9038.0,7319.0,16034.0,2700.0
10698.0,18687.0,11323.0,4545.0,2440.0,3012.0,6019.0,8511.0,7101.0,15116.0,2668.0
10430.0,17494.0,10944.0,4434.0,2374.0,2979.0,5815.0,8224.0,6937.0,14600.0,2622.0
10572.0,16803.0,10876.0,4424.0,2354.0,2981.0,5632.0,8084.0,6999.0,14367.0,2591.0
11215.0,16512.0,11365.0,4639.0,2474.0,3094.0,5656.0,8245.0,7285.0,14589.0,2626.0
12712.0,17408.0,12782.0,5141.0,2766.0,3376.0,5907.0,8955.0,8020.0,15792.0,2774.0
13930.0,20052.0,14342.0,5842.0,3156.0,3721.0,6496.0,10290.0,9126.0,18104.0,2978.0
15048.0,23417.0,16316.0,6406.0,3483.0,4113.0,7154.0,11469.0,10235.0,20122.0,3265.0
15318.0,26597.0,16576.0,6534.0,3487.0,4273.0,7856.0,12239.0,10300.0,21308.0,3325.0
14843.0,27508.0,15917.0,6411.0,3374.0,4245.0,8116.0,12491.0,10051.0,21713.0,3301.0
14393.0,26179.0,14901.0,6158.0,3211.0,4157.0,7896.0,12128.0,9569.0,20905.0,3212.0
14175.0,24824.0,14520.0,5870.0,3116.0,4107.0,7588.0,11595.0,9076.0,19890.0,3135.0
14275.0,24274.0,14262.0,5736.0,3076.0,4055.0,7416.0,11151.0,8824.0,19246.0,3094.0
14203.0,23997.0,14153.0,5611.0,3026.0,4063.0,7316.0,11002.0,8712.0,19024.0,3080.0
14655.0,23698.0,14517.0,5665.0,3118.0,4191.0,7184.0,10894.0,8817.0,18821.0,3139.0
15408.0,24618.0,15623.0,5854.0,3322.0,4291.0,7408.0,11151.0,9069.0,19365.0,3212.0
16818.0,26365.0,17168.0,6431.0,3622.0,4582.0,8019.0,12035.0,9813.0,21008.0,3408.0
17975.0,30065.0,18358.0,6821.0,3848.0,4806.0,8811.0,13020.0,10433.0,22689.0,3562.0
17938.0,32279.0,18251.0,6915.0,3811.0,4768.0,9274.0,13580.0,10477.0,23635.0,3542.0
17186.0,32246.0,17461.0,6762.0,3697.0,4581.0,9306.0,13501.0,10223.0,23486.0,3457.0
16343.0,30475.0,16630.0,6478.0,3537.0,4384.0,9011.0,12947.0,9870.0,22595.0,3350.0
15188.0,28889.0,15394.0,6117.0,3328.0,4064.0,8606.0,12240.0,9322.0,21404.0,3213.0
13670.0,26485.0,13925.0,5622.0,3042.0,3719.0,8137.0,11281.0,8530.0,19779.0,3017.0
12501.0,23508.0,12757.0,5173.0,2831.0,3467.0,7423.0,10306.0,7933.0,17951.0,2863.0
11748.0,20692.0,12005.0,4867.0,2680.0,3292.0,6826.0,9340.0,7479.0,16267.0,2795.0
11199.0,18847.0,11604.0,4701.0,2570.0,3176.0,6432.0,8812.0,7286.0,15407.0,2745.0
10925.0,17599.0,11214.0,4591.0,2523.0,3156.0,6179.0,8547.0,7174.0,14903.0,2694.0
10964.0,16817.0,11081.0,4591.0,2540.0,3159.0,6063.0,8394.0,7173.0,14716.0,2652.0
11673.0,16560.0,11545.0,4749.0,2636.0,3265.0,6054.0,8579.0,7431.0,15091.0,2679.0
13131.0,17334.0,12882.0,5246.0,2933.0,3534.0,6259.0,9337.0,8142.0,16400.0,2836.0
14599.0,19756.0,14559.0,5981.0,3326.0,3884.0,6826.0,10645.0,9248.0,18754.0,3041.0
15942.0,23030.0,16624.0,6560.0,3671.0,4341.0,7497.0,11907.0,10302.0,20909.0,3337.0
16026.0,26409.0,16862.0,6739.0,3687.0,4455.0,8342.0,12771.0,10386.0,22322.0,3413.0
15339.0,27169.0,16396.0,6572.0,3614.0,4386.0,8691.0,12991.0,10154.0,22523.0,3392.0
14606.0,26223.0,15515.0,6312.0,3456.0,4267.0,8468.0,12563.0,9712.0,21543.0,3291.0
14161.0,25102.0,14953.0,6058.0,3336.0,4168.0,8163.0,12021.0,9376.0,20372.0,3211.0
14021.0,24700.0,14752.0,5876.0,3250.0,4124.0,8010.0,11563.0,9062.0,19615.0,3169.0
13753.0,24678.0,14633.0,5721.0,3211.0,4082.0,7870.0,11286.0,8893.0,19166.0,3121.0
14052.0,24444.0,14999.0,5772.0,3282.0,4138.0,7878.0,11113.0,8905.0,18919.0,3119.0
14561.0,25442.0,16017.0,5973.0,3451.0,4197.0,8111.0,11400.0,9266.0,19456.0,3208.0
16164.0,27095.0,17502.0,6463.0,3676.0,4529.0,8754.0,12253.0,9894.0,21194.0,3370.0
17294.0,30173.0,18519.0,6798.0,3868.0,4777.0,9414.0,13095.0,10352.0,22825.0,3527.0
17311.0,32131.0,18423.0,6860.0,3873.0,4743.0,9824.0,13609.0,10277.0,23730.0,3510.0
16632.0,31867.0,17532.0,6627.0,3740.0,4556.0,9705.0,13429.0,9974.0,23546.0,3412.0
15914.0,29893.0,16709.0,6434.0,3575.0,4393.0,9308.0,12883.0,9594.0,22628.0,3342.0
15096.0,28245.0,15625.0,6052.0,3414.0,4256.0,8890.0,12323.0,9111.0,21752.0,3168.0
13826.0,26105.0,14204.0,5638.0,3147.0,3921.0,8359.0,11473.0,8309.0,20365.0,2981.0
12758.0,23172.0,13102.0,5156.0,2911.0,3655.0,7652.0,10412.0,7461.0,18629.0,2813.0
11811.0,20362.0,12470.0,4798.0,2752.0,3504.0,6700.0,9388.0,7090.0,16828.0,2776.0
11295.0,18422.0,12078.0,4603.0,2647.0,3389.0,6237.0,8808.0,6743.0,15857.0,2745.0
10997.0,17091.0,11747.0,4470.0,2561.0,3303.0,5899.0,8391.0,6570.0,15178.0,2658.0
10719.0,16207.0,11364.0,4398.0,2522.0,3285.0,5675.0,8229.0,6465.0,14807.0,2614.0
10873.0,15549.0,11383.0,4429.0,2540.0,3287.0,5540.0,8174.0,6475.0,14670.0,2594.0
11410.0,15481.0,11736.0,4616.0,2633.0,3412.0,5520.0,8281.0,6701.0,14905.0,2637.0
12088.0,16185.0,12605.0,4908.0,2819.0,3579.0,5658.0,8732.0,7219.0,15631.0,2713.0
12977.0,17537.0,13876.0,5355.0,3132.0,3852.0,5887.0,9505.0,8045.0,17018.0,2933.0
13484.0,19461.0,14219.0,5664.0,3197.0,3939.0,6308.0,10242.0,8381.0,18463.0,3056.0
13642.0,20832.0,14551.0,5864.0,3323.0,4009.0,6641.0,10911.0,8699.0,19682.0,3185.0
13645.0,21795.0,14370.0,5909.0,3354.0,3988.0,6829.0,11177.0,8699.0,20134.0,3206.0
13831.0,22089.0,14632.0,5905.0,3372.0,4047.0,6941.0,11185.0,8860.0,20006.0,3259.0
13929.0,23119.0,14538.0,5952.0,3343.0,4057.0,7049.0,11241.0,8838.0,20199.0,3233.0
13941.0,23662.0,14632.0,5839.0,3365.0,4056.0,7088.0,11143.0,8784.0,20101.0,3183.0
14114.0,24020.0,14714.0,5822.0,3391.0,4087.0,7101.0,11138.0,8821.0,20151.0,3184.0
14622.0,24478.0,15333.0,5971.0,3517.0,4159.0,7187.0,11275.0,9006.0,20420.0,3182.0
15840.0,25889.0,16641.0,6286.0,3737.0,4382.0,7712.0,11940.0,9401.0,21537.0,3244.0
16546.0,27897.0,17118.0,6391.0,3772.0,4454.0,8208.0,12515.0,9619.0,22577.0,3359.0
16448.0,28507.0,17249.0,6364.0,3714.0,4468.0,8293.0,12536.0,9587.0,22551.0,3322.0
16011.0,28152.0,16623.0,6226.0,3614.0,4361.0,8232.0,12414.0,9303.0,22406.0,3278.0
15431.0,27333.0,16168.0,5978.0,3488.0,4223.0,8092.0,12058.0,9029.0,21737.0,3163.0
14574.0,26348.0,15105.0,5716.0,3343.0,3985.0,7771.0,11592.0,8600.0,20962.0,3014.0
13390.0,24623.0,13873.0,5312.0,3107.0,3719.0,7349.0,10955.0,7974.0,19802.0,2860.0
12208.0,22528.0,12503.0,4873.0,2895.0,3437.0,6801.0,10197.0,7217.0,18485.0,2737.0
11473.0,20138.0,11774.0,4538.0,2733.0,3267.0,6255.0,9307.0,6852.0,16801.0,2694.0
10923.0,18254.0,11312.0,4361.0,2618.0,3167.0,5840.0,8743.0,6574.0,15807.0,2660.0
10606.0,16831.0,10894.0,4283.0,2549.0,3085.0,5543.0,8360.0,6380.0,15205.0,2622.0
10321.0,15883.0,10520.0,4203.0,2484.0,3052.0,5323.0,8131.0,6260.0,14816.0,2566.0
10406.0,15208.0,10459.0,4205.0,2493.0,3061.0,5211.0,8048.0,6329.0,14635.0,2546.0
10899.0,15149.0,10715.0,4310.0,2597.0,3166.0,5211.0,8184.0,6475.0,15020.0,2547.0
11449.0,15744.0,11244.0,4611.0,2779.0,3323.0,5324.0,8650.0,6751.0,15756.0,2614.0
12278.0,16980.0,12388.0,5019.0,3057.0,3561.0,5614.0,9343.0,7454.0,17053.0,2809.0
12886.0,18932.0,12693.0,5319.0,3161.0,3644.0,6059.0,10062.0,7772.0,18432.0,2914.0
13131.0,20146.0,12938.0,5499.0,3236.0,3708.0,6421.0,10671.0,8080.0,19466.0,3003.0
13228.0,21106.0,12689.0,5568.0,3252.0,3701.0,6754.0,10870.0,8122.0,19678.0,3051.0
13583.0,21732.0,12934.0,5665.0,3312.0,3766.0,6833.0,10867.0,8336.0,19468.0,3116.0
13816.0,22775.0,12882.0,5760.0,3295.0,3804.0,7076.0,11082.0,8337.0,19782.0,3136.0
13875.0,23344.0,12965.0,5719.0,3312.0,3839.0,7082.0,11213.0,8315.0,19756.0,3123.0
14198.0,23897.0,13255.0,5776.0,3383.0,3858.0,7165.0,11318.0,8366.0,19833.0,3177.0
14733.0,24473.0,13900.0,5944.0,3507.0,3985.0,7272.0,11586.0,8569.0,20294.0,3167.0
15978.0,25815.0,15087.0,6238.0,3780.0,4208.0,7803.0,12262.0,8922.0,21559.0,3233.0
16785.0,27940.0,15582.0,6375.0,3833.0,4290.0,8258.0,12823.0,9078.0,22752.0,3327.0
16595.0,28642.0,15678.0,6357.0,3791.0,4280.0,8396.0,12849.0,9053.0,22970.0,3321.0
16137.0,28531.0,15221.0,6227.0,3719.0,4212.0,8374.0,12813.0,8793.0,22825.0,3257.0
15368.0,27715.0,14788.0,5980.0,3563.0,4047.0,8070.0,12375.0,8458.0,22105.0,3201.0
14179.0,26448.0,13642.0,5667.0,3375.0,3661.0,7800.0,11695.0,7975.0,21035.0,2981.0
12885.0,24753.0,12526.0,5250.0,3101.0,3405.0,7393.0,10953.0,7505.0,19680.0,2809.0
11596.0,22546.0,11286.0,4820.0,2879.0,3161.0,6917.0,10133.0,7029.0,18164.0,2645.0
10998.0,19976.0,10546.0,4590.0,2719.0,3004.0,6309.0,9199.0,6675.0,16481.0,2603.0
10505.0,18202.0,10140.0,4415.0,2611.0,2920.0,5928.0,8633.0,6416.0,15504.0,2574.0
10320.0,16979.0,9751.0,4331.0,2534.0,2918.0,5674.0,8362.0,6362.0,14988.0,2531.0
10361.0,16180.0,9058.0,4300.0,2526.0,2912.0,5526.0,8243.0,6444.0,14798.0,2342.0
10875.0,16030.0,9821.0,4425.0,2611.0,3026.0,5536.0,8353.0,6665.0,15039.0,2512.0
12078.0,16678.0,10913.0,4841.0,2894.0,3251.0,5769.0,9001.0,7392.0,16171.0,2637.0
13450.0,18892.0,12380.0,5474.0,3286.0,3555.0,6263.0,10113.0,8254.0,18154.0,2851.0
14887.0,22228.0,14074.0,6048.0,3610.0,3941.0,6909.0,11225.0,9278.0,20115.0,3113.0
15233.0,25916.0,14212.0,6312.0,3636.0,4075.0,7723.0,12218.0,9450.0,21853.0,3198.0
14704.0,26945.0,13683.0,6309.0,3567.0,4016.0,7947.0,12616.0,9403.0,22558.0,3208.0
14101.0,26120.0,13038.0,6098.0,3438.0,3900.0,7818.0,12472.0,9169.0,22078.0,3186.0
13874.0,25225.0,12716.0,5920.0,3304.0,3840.0,7567.0,12091.0,9082.0,21306.0,3143.0
13815.0,24973.0,12561.0,5840.0,3261.0,3834.0,7444.0,11909.0,8902.0,20879.0,3120.0
13803.0,24921.0,12491.0,5700.0,3228.0,3784.0,7368.0,11723.0,8752.0,20524.0,3068.0
14123.0,24729.0,12958.0,5769.0,3282.0,3846.0,7365.0,11549.0,8902.0,20230.0,3123.0
14646.0,25689.0,14016.0,5952.0,3496.0,3881.0,7592.0,11672.0,9221.0,20608.0,3217.0
16202.0,27250.0,15560.0,6378.0,3797.0,4202.0,8143.0,12365.0,9712.0,21908.0,3332.0
17450.0,30321.0,16667.0,6729.0,4012.0,4432.0,8805.0,13190.0,10213.0,23419.0,3463.0
17344.0,32405.0,16698.0,6735.0,4016.0,4423.0,9252.0,13670.0,10136.0,24261.0,3448.0
16607.0,32324.0,16058.0,6515.0,3883.0,4251.0,9172.0,13489.0,9762.0,23961.0,3384.0
15778.0,30367.0,15384.0,6223.0,3721.0,4134.0,8807.0,12929.0,9377.0,22853.0,3271.0
23028.0,33686.0,13183.0,6146.0,2785.0,3799.0,11441.0,10812.0,8182.0,18602.0,2909.0
21152.0,30351.0,11878.0,5530.0,2527.0,3515.0,10546.0,9938.0,7465.0,17096.0,2766.0
19020.0,26705.0,10574.0,4981.0,2266.0,3266.0,9654.0,8991.0,6661.0,15304.0,2612.0
17700.0,23234.0,9833.0,4604.0,2108.0,3110.0,8493.0,8179.0,6214.0,13846.0,2519.0
16675.0,21003.0,9226.0,4299.0,2012.0,2990.0,7860.0,7592.0,5873.0,12835.0,2440.0
15876.0,19231.0,8786.0,4124.0,1944.0,2945.0,7316.0,7232.0,5652.0,12184.0,2375.0
15605.0,17972.0,8578.0,4027.0,1946.0,2971.0,6961.0,7089.0,5652.0,11797.0,2375.0
15889.0,17429.0,8987.0,4123.0,2038.0,3096.0,6716.0,7259.0,5867.0,11908.0,2449.0
16684.0,18105.0,9894.0,4406.0,2237.0,3298.0,6819.0,7733.0,6400.0,12562.0,2533.0
18332.0,20243.0,11214.0,4936.0,2509.0,3646.0,7116.0,8522.0,7091.0,13887.0,2664.0
20194.0,23799.0,12556.0,5427.0,2777.0,4037.0,8037.0,9574.0,7808.0,15691.0,2866.0
21380.0,27654.0,12872.0,5675.0,2840.0,4160.0,9258.0,10505.0,8093.0,17351.0,2870.0
22050.0,28911.0,12708.0,5697.0,2827.0,4188.0,9956.0,10824.0,8203.0,17745.0,2881.0
22506.0,28812.0,12543.0,5715.0,2821.0,4208.0,10448.0,10596.0,8281.0,17349.0,2870.0
23118.0,28459.0,12755.0,5848.0,2871.0,4271.0,10754.0,10541.0,8556.0,17031.0,2893.0
23839.0,29202.0,13183.0,5981.0,2970.0,4391.0,11093.0,10616.0,8865.0,17010.0,2929.0
24651.0,30139.0,13639.0,6119.0,3014.0,4447.0,11341.0,10808.0,9048.0,17240.0,3020.0
25935.0,30906.0,14432.0,6329.0,3130.0,4570.0,11453.0,10833.0,9395.0,17232.0,3046.0
26838.0,32586.0,15245.0,6556.0,3184.0,4647.0,11801.0,11041.0,9472.0,17766.0,3075.0
27326.0,34206.0,16297.0,6785.0,3282.0,4743.0,12004.0,11321.0,9693.0,18373.0,3192.0
27335.0,35925.0,17075.0,6967.0,3376.0,4838.0,12354.0,11674.0,9814.0,19222.0,3309.0
26525.0,37476.0,16930.0,6942.0,3355.0,4827.0,12640.0,12027.0,9822.0,19926.0,3302.0
24862.0,36930.0,16314.0,6743.0,3209.0,4592.0,12454.0,12013.0,9492.0,19962.0,3232.0
22887.0,35486.0,15218.0,6452.0,2975.0,4237.0,12037.0,11480.0,8806.0,19297.0,3102.0
20611.0,32746.0,13843.0,5967.0,2722.0,3919.0,11146.0,10635.0,8128.0,18086.0,2940.0
18430.0,29570.0,12471.0,5428.0,2493.0,3626.0,10206.0,9733.0,7470.0,16603.0,2764.0
16033.0,26055.0,10994.0,4899.0,2247.0,3345.0,9142.0,8834.0,6780.0,15020.0,2654.0
14635.0,22551.0,10079.0,4490.0,2113.0,3164.0,7965.0,8037.0,6280.0,13572.0,2535.0
13828.0,20358.0,9520.0,4253.0,2015.0,3058.0,7583.0,7484.0,5957.0,12609.0,2435.0
13330.0,18694.0,9010.0,4074.0,1938.0,2989.0,7075.0,7188.0,5718.0,12011.0,2385.0
13263.0,17515.0,8880.0,3999.0,1938.0,3029.0,6620.0,7032.0,5748.0,11705.0,2349.0
13647.0,17104.0,9214.0,4055.0,2039.0,3150.0,6496.0,7225.0,6056.0,11739.0,2445.0
14493.0,17755.0,10170.0,4331.0,2242.0,3355.0,6545.0,7724.0,6619.0,12360.0,2543.0
15910.0,19888.0,11549.0,4827.0,2489.0,3654.0,6749.0,8518.0,7296.0,13745.0,2718.0
17643.0,23372.0,12982.0,5336.0,2743.0,4010.0,7337.0,9581.0,7954.0,15550.0,2846.0
18395.0,27156.0,13358.0,5548.0,2836.0,4099.0,8001.0,10576.0,8185.0,17328.0,2857.0
18791.0,28362.0,13366.0,5584.0,2807.0,4097.0,8226.0,10754.0,8202.0,17639.0,2863.0
18958.0,28218.0,13376.0,5587.0,2768.0,4077.0,8072.0,10497.0,8204.0,17132.0,2844.0
19048.0,27729.0,13481.0,5705.0,2808.0,4150.0,7945.0,10355.0,8327.0,16875.0,2864.0
19654.0,28079.0,13678.0,5825.0,2874.0,4220.0,7800.0,10399.0,8439.0,16854.0,2886.0
19908.0,29006.0,13671.0,5975.0,2924.0,4246.0,7823.0,10540.0,8552.0,16997.0,2942.0
20204.0,29826.0,14259.0,6186.0,3030.0,4332.0,7880.0,10601.0,8858.0,17047.0,3036.0
20926.0,31630.0,14790.0,6454.0,3130.0,4405.0,8178.0,10859.0,9262.0,17507.0,3086.0
21659.0,33125.0,15475.0,6637.0,3243.0,4499.0,8410.0,11168.0,9557.0,18098.0,3193.0
22005.0,34894.0,16058.0,6909.0,3369.0,4597.0,8839.0,11585.0,9794.0,19025.0,3283.0
22373.0,36384.0,16062.0,6894.0,3342.0,4636.0,9217.0,11897.0,9749.0,19659.0,3288.0
21907.0,35993.0,15749.0,6654.0,3177.0,4407.0,9264.0,11924.0,9439.0,19725.0,3217.0
20793.0,34475.0,14812.0,6351.0,2936.0,4094.0,9151.0,11405.0,8756.0,19080.0,3046.0
19299.0,31893.0,13758.0,5843.0,2681.0,3792.0,8704.0,10527.0,8028.0,17918.0,2895.0
17689.0,28927.0,12389.0,5300.0,2422.0,3508.0,8133.0,9644.0,7358.0,16413.0,2753.0
15994.0,25481.0,10924.0,4761.0,2176.0,3242.0,7356.0,8788.0,6650.0,14889.0,2570.0
14941.0,22067.0,9987.0,4416.0,2047.0,3084.0,6607.0,8011.0,6204.0,13445.0,2487.0
14044.0,19906.0,9342.0,4170.0,1937.0,2963.0,6152.0,7471.0,5884.0,12517.0,2400.0
13360.0,18289.0,8838.0,4020.0,1918.0,2904.0,5798.0,7179.0,5688.0,11927.0,2334.0
13093.0,17256.0,8730.0,3941.0,1925.0,2942.0,5569.0,7019.0,5651.0,11588.0,2335.0
13119.0,16941.0,8991.0,3996.0,2047.0,3068.0,5416.0,7249.0,5967.0,11751.0,2410.0
14056.0,17578.0,10031.0,4310.0,2247.0,3272.0,5501.0,7733.0,6467.0,12420.0,2517.0
15438.0,19891.0,11374.0,4780.0,2523.0,3620.0,5996.0,8527.0,7183.0,13760.0,2688.0
17071.0,23229.0,12850.0,5288.0,2798.0,3973.0,6720.0,9571.0,7809.0,15550.0,2822.0
18042.0,26903.0,13028.0,5536.0,2830.0,4087.0,7633.0,10607.0,8153.0,17409.0,2859.0
18463.0,27777.0,12856.0,5559.0,2791.0,4094.0,8085.0,10835.0,8280.0,17668.0,2864.0
18816.0,27482.0,12580.0,5584.0,2743.0,4105.0,8166.0,10622.0,8306.0,17190.0,2866.0
19251.0,27159.0,12745.0,5671.0,2780.0,4152.0,8312.0,10446.0,8515.0,16787.0,2891.0
20046.0,27581.0,13091.0,5845.0,2873.0,4153.0,8518.0,10515.0,8755.0,16806.0,2935.0
20839.0,28586.0,13406.0,5953.0,2912.0,4187.0,8812.0,10607.0,8926.0,16926.0,3007.0
21925.0,29475.0,13936.0,6171.0,3059.0,4227.0,9037.0,10626.0,9217.0,16880.0,3078.0
22816.0,31324.0,14356.0,6427.0,3153.0,4285.0,9537.0,10788.0,9547.0,17244.0,3114.0
23580.0,32889.0,15115.0,6663.0,3294.0,4388.0,10024.0,11056.0,9818.0,17861.0,3192.0
24029.0,34692.0,15781.0,6842.0,3398.0,4519.0,10612.0,11406.0,9988.0,18585.0,3298.0
24148.0,36277.0,15669.0,6802.0,3390.0,4530.0,10910.0,11698.0,9842.0,19360.0,3263.0
23187.0,35998.0,15379.0,6591.0,3239.0,4310.0,10574.0,11735.0,9515.0,19364.0,3195.0
21764.0,34611.0,14498.0,6288.0,3003.0,3998.0,10465.0,11228.0,8865.0,18695.0,3066.0
19976.0,31846.0,13387.0,5811.0,2723.0,3737.0,9871.0,10375.0,8074.0,17619.0,2917.0
18079.0,28739.0,12078.0,5249.0,2492.0,3434.0,9265.0,9541.0,7373.0,16144.0,2749.0
16346.0,25471.0,10775.0,4752.0,2212.0,3202.0,8354.0,8675.0,6554.0,14685.0,2587.0
15177.0,22181.0,9903.0,4359.0,2081.0,3040.0,7454.0,7887.0,6122.0,13268.0,2473.0
14360.0,20095.0,9270.0,4138.0,1954.0,2944.0,6788.0,7384.0,5819.0,12306.0,2404.0
13764.0,18644.0,8793.0,3936.0,1909.0,2875.0,6360.0,7099.0,5596.0,11827.0,2326.0
13642.0,17558.0,8598.0,3870.0,1921.0,2918.0,6073.0,6976.0,5652.0,11445.0,2297.0
14039.0,17063.0,8943.0,3924.0,2020.0,3043.0,5922.0,7172.0,5907.0,11609.0,2378.0
14885.0,17765.0,9937.0,4244.0,2237.0,3259.0,5996.0,7668.0,6385.0,12341.0,2473.0
16427.0,19941.0,11213.0,4748.0,2523.0,3616.0,6387.0,8482.0,7126.0,13752.0,2651.0
18244.0,23152.0,12558.0,5247.0,2780.0,3957.0,7217.0,9575.0,7882.0,15594.0,2842.0
19185.0,26789.0,12798.0,5460.0,2829.0,4085.0,8295.0,10588.0,8152.0,17422.0,2862.0
19798.0,27747.0,12639.0,5425.0,2769.0,4082.0,8867.0,10764.0,8192.0,17596.0,2866.0
20298.0,27351.0,12456.0,5377.0,2735.0,4060.0,9121.0,10450.0,8239.0,17071.0,2811.0
20824.0,26950.0,12515.0,5390.0,2754.0,4110.0,9376.0,10260.0,8507.0,16613.0,2846.0
21685.0,27357.0,12915.0,5500.0,2796.0,4205.0,9692.0,10244.0,8659.0,16561.0,2884.0
22483.0,28315.0,13208.0,5556.0,2818.0,4219.0,10095.0,10366.0,8771.0,16706.0,2919.0
23506.0,29132.0,13732.0,5713.0,2893.0,4315.0,10514.0,10395.0,9079.0,16654.0,2932.0
24519.0,30845.0,14314.0,5897.0,2951.0,4332.0,11068.0,10558.0,9368.0,17004.0,2986.0
25289.0,32525.0,15231.0,6074.0,3025.0,4441.0,11611.0,10801.0,9630.0,17549.0,3054.0
25316.0,34307.0,15850.0,6297.0,3130.0,4562.0,12068.0,11149.0,9726.0,18372.0,3119.0
24984.0,35846.0,15644.0,6312.0,3133.0,4576.0,12329.0,11500.0,9599.0,19059.0,3123.0
24103.0,35326.0,15165.0,6093.0,2999.0,4341.0,12160.0,11460.0,9272.0,19073.0,3026.0
22364.0,33867.0,14216.0,5846.0,2816.0,4073.0,11594.0,11021.0,8659.0,18472.0,2912.0
20659.0,31360.0,13315.0,5484.0,2612.0,3892.0,10873.0,10431.0,7950.0,17729.0,2862.0
18811.0,28672.0,11994.0,4984.0,2406.0,3641.0,10034.0,9631.0,7206.0,16344.0,2644.0
17133.0,25387.0,10737.0,4621.0,2234.0,3392.0,9096.0,8743.0,6490.0,14925.0,2489.0
15659.0,22474.0,9852.0,4236.0,2078.0,3177.0,8132.0,7963.0,5975.0,13577.0,2398.0
14634.0,20210.0,9204.0,3973.0,1973.0,3029.0,7440.0,7416.0,5634.0,12546.0,2326.0
13908.0,18392.0,8707.0,3818.0,1918.0,2905.0,6892.0,7011.0,5404.0,11888.0,2258.0
13428.0,17226.0,8379.0,3703.0,1901.0,2882.0,6413.0,6798.0,5264.0,11478.0,2200.0
13169.0,16349.0,8280.0,3645.0,1919.0,2905.0,6160.0,6728.0,5230.0,11305.0,2231.0
13170.0,16066.0,8414.0,3721.0,1993.0,3010.0,6040.0,6766.0,5376.0,11342.0,2247.0
14257.0,16858.0,8903.0,4037.0,2176.0,3233.0,5964.0,7179.0,5859.0,12015.0,2404.0
15764.0,17941.0,9624.0,4315.0,2291.0,3459.0,6412.0,7755.0,6216.0,12908.0,2514.0
17622.0,19618.0,10165.0,4522.0,2389.0,3683.0,7103.0,8379.0,6630.0,13989.0,2560.0
19360.0,21172.0,10685.0,4699.0,2437.0,3943.0,7940.0,8730.0,6994.0,14618.0,2668.0
20752.0,22713.0,11085.0,4886.0,2468.0,4124.0,8757.0,9022.0,7367.0,15040.0,2730.0
22089.0,23939.0,11627.0,5022.0,2555.0,4331.0,9431.0,9226.0,7863.0,15332.0,2806.0
23268.0,25785.0,12176.0,5233.0,2603.0,4483.0,10152.0,9517.0,8197.0,15783.0,2868.0
24178.0,27210.0,12608.0,5374.0,2685.0,4568.0,10695.0,9855.0,8408.0,16169.0,2940.0
25121.0,28252.0,13145.0,5591.0,2753.0,4666.0,11140.0,10051.0,8765.0,16447.0,2924.0
26167.0,29570.0,13866.0,5862.0,2880.0,4704.0,11497.0,10330.0,9086.0,16920.0,2979.0
26598.0,31019.0,14565.0,6057.0,2937.0,4689.0,11968.0,10677.0,9281.0,17562.0,3020.0
26085.0,31727.0,14804.0,6110.0,2999.0,4646.0,12148.0,10914.0,9225.0,18092.0,2919.0
25485.0,31896.0,14749.0,6102.0,3003.0,4622.0,12102.0,10867.0,9102.0,18077.0,2950.0
24375.0,31509.0,14428.0,5926.0,2950.0,4413.0,11695.0,10866.0,8836.0,18129.0,2929.0
22737.0,30704.0,13803.0,5749.0,2774.0,4173.0,11041.0,10533.0,8358.0,17768.0,2848.0
20954.0,29031.0,13083.0,5374.0,2601.0,3922.0,10485.0,10069.0,7751.0,17190.0,2812.0
19250.0,26949.0,12061.0,4982.0,2418.0,3709.0,9982.0,9361.0,7147.0,16007.0,2663.0
17400.0,24472.0,10912.0,4561.0,2218.0,3427.0,9210.0,8646.0,6498.0,14786.0,2541.0
15936.0,21449.0,9962.0,4265.0,2064.0,3202.0,8240.0,7913.0,6089.0,13512.0,2438.0
14908.0,19288.0,9237.0,3999.0,1944.0,3084.0,7697.0,7356.0,5720.0,12536.0,2371.0
14192.0,17564.0,8843.0,3826.0,1923.0,2944.0,7011.0,6954.0,5479.0,11845.0,2321.0
13563.0,16367.0,8467.0,3707.0,1857.0,2879.0,6552.0,6752.0,5353.0,11439.0,2233.0
13174.0,15518.0,8339.0,3662.0,1868.0,2900.0,6205.0,6608.0,5325.0,11148.0,2270.0
13074.0,15184.0,8409.0,3698.0,1940.0,2977.0,6027.0,6614.0,5448.0,11089.0,2237.0
14109.0,15801.0,8793.0,3936.0,2094.0,3202.0,6012.0,6907.0,5904.0,11561.0,2376.0
15776.0,16782.0,9595.0,4210.0,2215.0,3463.0,6344.0,7502.0,6346.0,12443.0,2487.0
17554.0,18291.0,10333.0,4444.0,2302.0,3725.0,7081.0,8120.0,6746.0,13539.0,2564.0
19589.0,19749.0,11213.0,4711.0,2389.0,4005.0,7901.0,8558.0,7222.0,14278.0,2656.0
21175.0,21291.0,11884.0,4973.0,2451.0,4206.0,8685.0,8897.0,7636.0,14881.0,2741.0
22727.0,22591.0,12854.0,5213.0,2545.0,4419.0,9398.0,9123.0,8163.0,15212.0,2838.0
23758.0,24336.0,13676.0,5477.0,2643.0,4542.0,10024.0,9468.0,8609.0,15761.0,2951.0
24809.0,25732.0,14257.0,5697.0,2723.0,4575.0,10669.0,9761.0,8859.0,16190.0,3017.0
25742.0,26801.0,14964.0,5950.0,2838.0,4581.0,11090.0,9991.0,9213.0,16499.0,3087.0
26716.0,28223.0,15689.0,6223.0,2973.0,4635.0,11499.0,10190.0,9526.0,16862.0,3135.0
27402.0,29812.0,16344.0,6442.0,2998.0,4615.0,11798.0,10528.0,9681.0,17485.0,3170.0
26887.0,30768.0,16473.0,6447.0,3069.0,4548.0,12188.0,10686.0,9483.0,18030.0,3053.0
26387.0,31173.0,16237.0,6367.0,3102.0,4594.0,12029.0,10739.0,9310.0,18143.0,3090.0
25167.0,31090.0,15826.0,6165.0,3005.0,4380.0,11697.0,10740.0,8910.0,18213.0,3067.0
23382.0,30509.0,15021.0,5948.0,2850.0,4141.0,11261.0,10413.0,8396.0,17880.0,3012.0
21137.0,28729.0,13932.0,5485.0,2615.0,3776.0,10453.0,9743.0,7809.0,16946.0,2866.0
19300.0,26438.0,12850.0,5059.0,2437.0,3540.0,9722.0,9066.0,7284.0,15764.0,2746.0
17275.0,23995.0,11318.0,4569.0,2198.0,3259.0,8853.0,8428.0,6603.0,14551.0,2640.0
16078.0,20629.0,10389.0,4237.0,2002.0,3104.0,7823.0,7463.0,6163.0,12517.0,2529.0
15106.0,18672.0,9666.0,4018.0,1935.0,2998.0,7185.0,7013.0,5847.0,11698.0,2433.0
14494.0,17219.0,9109.0,3823.0,1854.0,2938.0,6609.0,6717.0,5609.0,11152.0,2357.0
14392.0,16199.0,8965.0,3776.0,1886.0,2977.0,6260.0,6631.0,5622.0,10888.0,2371.0
14895.0,15952.0,9264.0,3874.0,2005.0,3128.0,6075.0,6910.0,5947.0,11111.0,2447.0
15687.0,16736.0,10248.0,4222.0,2227.0,3352.0,6192.0,7450.0,6483.0,11833.0,2546.0
17248.0,18984.0,11546.0,4738.0,2498.0,3723.0,6640.0,8312.0,7273.0,13285.0,2688.0
19716.0,22265.0,13047.0,5272.0,2780.0,4117.0,7432.0,9399.0,8018.0,15192.0,2888.0
21325.0,25986.0,13536.0,5571.0,2889.0,4307.0,8469.0,10452.0,8301.0,17052.0,2891.0
22448.0,26845.0,13658.0,5675.0,2850.0,4344.0,9100.0,10760.0,8455.0,17485.0,2935.0
23252.0,26472.0,13657.0,5723.0,2823.0,4344.0,9351.0,10585.0,8505.0,17078.0,2914.0
24173.0,26271.0,14003.0,5838.0,2938.0,4439.0,9817.0,10484.0,8804.0,16878.0,2936.0
25322.0,26897.0,14473.0,6017.0,3019.0,4533.0,10128.0,10615.0,9110.0,17049.0,2986.0
26305.0,28007.0,14434.0,6167.0,3089.0,4593.0,10560.0,10759.0,9331.0,17220.0,3027.0
27555.0,29013.0,15154.0,6382.0,3194.0,4709.0,10950.0,10784.0,9666.0,17266.0,3116.0
28654.0,30916.0,15767.0,6647.0,3294.0,4789.0,11477.0,10996.0,9997.0,17771.0,3205.0
29480.0,32809.0,16550.0,6851.0,3395.0,4854.0,12060.0,11284.0,10286.0,18356.0,3269.0
29580.0,34865.0,17191.0,7099.0,3504.0,4932.0,12570.0,11662.0,10462.0,19186.0,3357.0
28966.0,36490.0,17102.0,7110.0,3496.0,4914.0,12784.0,11990.0,10385.0,19891.0,3400.0
27533.0,36070.0,16640.0,6865.0,3327.0,4613.0,12479.0,12023.0,9996.0,19857.0,3329.0
25467.0,34584.0,15613.0,6476.0,3018.0,4239.0,11832.0,11393.0,9213.0,19156.0,3193.0
19189.0,29719.0,12295.0,4974.0,2543.0,3522.0,9448.0,10248.0,7030.0,17266.0,2846.0
17275.0,26813.0,11023.0,4489.0,2330.0,3267.0,8609.0,9316.0,6439.0,15744.0,2629.0
15458.0,23661.0,9803.0,4089.0,2121.0,3074.0,7724.0,8514.0,5844.0,14291.0,2473.0
14213.0,20505.0,9060.0,3767.0,2017.0,2877.0,6886.0,7723.0,5505.0,12945.0,2401.0
13297.0,18683.0,8580.0,3612.0,1930.0,2822.0,6277.0,7223.0,5272.0,12138.0,2321.0
12670.0,17210.0,8266.0,3483.0,1879.0,2757.0,5921.0,6961.0,5134.0,11621.0,2297.0
12481.0,16259.0,8195.0,3460.0,1928.0,2764.0,5660.0,6876.0,5197.0,11358.0,2319.0
12994.0,15940.0,8671.0,3587.0,2091.0,2890.0,5579.0,7128.0,5535.0,11567.0,2368.0
13484.0,16570.0,9775.0,4015.0,2298.0,3059.0,5676.0,7808.0,6201.0,12479.0,2439.0
14901.0,18975.0,11080.0,4599.0,2535.0,3399.0,6189.0,8653.0,6898.0,14117.0,2616.0
16523.0,22014.0,12327.0,5018.0,2734.0,3725.0,6750.0,9457.0,7443.0,15622.0,2844.0
17684.0,25346.0,12292.0,5087.0,2723.0,3830.0,7599.0,10255.0,7424.0,17043.0,2854.0
18591.0,26215.0,11892.0,5000.0,2617.0,3815.0,8017.0,10401.0,7323.0,17151.0,2856.0
19556.0,25805.0,11795.0,4924.0,2559.0,3837.0,8124.0,10231.0,7319.0,16656.0,2950.0
20676.0,25530.0,11799.0,4999.0,2560.0,3895.0,8485.0,10339.0,7458.0,16717.0,2961.0
21733.0,25966.0,12034.0,5049.0,2594.0,3980.0,8957.0,10272.0,7656.0,16507.0,3007.0
22663.0,26807.0,12067.0,5138.0,2644.0,4013.0,9474.0,10433.0,7830.0,16644.0,2987.0
23933.0,27596.0,12639.0,5326.0,2769.0,4114.0,9825.0,10568.0,8174.0,16749.0,3066.0
24881.0,29314.0,13039.0,5574.0,2880.0,4107.0,10342.0,10860.0,8482.0,17232.0,2986.0
25529.0,30773.0,13872.0,5761.0,3016.0,4177.0,10772.0,11146.0,8699.0,17849.0,2977.0
25745.0,32220.0,14636.0,5938.0,3154.0,4311.0,11058.0,11491.0,8913.0,18674.0,2989.0
25194.0,33634.0,14906.0,5966.0,3196.0,4282.0,11255.0,11784.0,8949.0,19327.0,3029.0
23284.0,33931.0,14168.0,5874.0,3022.0,4039.0,11101.0,11741.0,8558.0,19486.0,2933.0
21192.0,32122.0,13300.0,5494.0,2784.0,3750.0,10481.0,11043.0,7804.0,18552.0,2874.0
19362.0,29413.0,12397.0,5049.0,2564.0,3537.0,9503.0,10169.0,7091.0,17255.0,2846.0
17459.0,26471.0,11105.0,4555.0,2330.0,3267.0,8621.0,9276.0,6491.0,15693.0,2646.0
15845.0,23350.0,9886.0,4114.0,2153.0,3038.0,7813.0,8461.0,5898.0,14215.0,2506.0
14358.0,20518.0,9122.0,3823.0,2014.0,2889.0,6836.0,7698.0,5529.0,12944.0,2390.0
13390.0,18471.0,8588.0,3641.0,1928.0,2797.0,6261.0,7220.0,5279.0,12088.0,2316.0
12775.0,17040.0,8266.0,3540.0,1886.0,2741.0,5922.0,6991.0,5156.0,11609.0,2302.0
12520.0,16001.0,8192.0,3489.0,1935.0,2764.0,5624.0,6865.0,5201.0,11326.0,2321.0
12968.0,15754.0,8571.0,3622.0,2083.0,2877.0,5541.0,7119.0,5549.0,11513.0,2364.0
13529.0,16488.0,9628.0,4008.0,2291.0,3034.0,5676.0,7802.0,6215.0,12464.0,2429.0
14825.0,18898.0,10809.0,4562.0,2505.0,3368.0,6121.0,8596.0,6916.0,14004.0,2607.0
16670.0,21905.0,12011.0,5005.0,2720.0,3742.0,6692.0,9468.0,7405.0,15543.0,2817.0
17921.0,25240.0,12238.0,5081.0,2705.0,3830.0,7615.0,10264.0,7501.0,17031.0,2878.0
18938.0,26206.0,11985.0,4955.0,2612.0,3859.0,8039.0,10413.0,7407.0,17132.0,2927.0
19981.0,25843.0,11878.0,4853.0,2573.0,3903.0,8269.0,10140.0,7369.0,16659.0,2948.0
21218.0,25755.0,11954.0,4921.0,2550.0,4006.0,8521.0,10135.0,7531.0,16559.0,2952.0
22488.0,26218.0,12178.0,5003.0,2589.0,4120.0,8953.0,9982.0,7748.0,16211.0,2985.0
23698.0,27169.0,12275.0,5080.0,2626.0,4184.0,9470.0,10045.0,7950.0,16314.0,3003.0
25125.0,28025.0,12926.0,5218.0,2729.0,4265.0,9913.0,10104.0,8273.0,16327.0,3052.0
25956.0,29758.0,13324.0,5437.0,2821.0,4250.0,10509.0,10322.0,8588.0,16821.0,2958.0
26392.0,31214.0,14041.0,5604.0,2951.0,4322.0,10929.0,10598.0,8860.0,17351.0,2964.0
26442.0,32636.0,14666.0,5811.0,3078.0,4435.0,11201.0,10981.0,9018.0,18176.0,2961.0
25670.0,33986.0,14801.0,5864.0,3127.0,4365.0,11361.0,11440.0,9017.0,18919.0,2983.0
23609.0,34275.0,14159.0,5752.0,2957.0,4087.0,11242.0,11435.0,8580.0,19158.0,2911.0
21459.0,32373.0,13287.0,5447.0,2723.0,3809.0,10519.0,10751.0,7856.0,18241.0,2859.0
19576.0,29592.0,12362.0,4980.0,2506.0,3581.0,9584.0,10015.0,7142.0,17050.0,2813.0
17673.0,26602.0,11066.0,4523.0,2285.0,3315.0,8764.0,9183.0,6527.0,15559.0,2618.0
15751.0,23469.0,9870.0,4091.0,2088.0,3063.0,7864.0,8350.0,5878.0,14108.0,2491.0
14527.0,20513.0,9119.0,3802.0,1983.0,2907.0,6937.0,7629.0,5546.0,12841.0,2396.0
13590.0,18550.0,8576.0,3611.0,1893.0,2824.0,6396.0,7170.0,5292.0,11984.0,2328.0
12925.0,17030.0,8178.0,3511.0,1855.0,2769.0,5939.0,6942.0,5174.0,11529.0,2285.0
12776.0,16003.0,8118.0,3464.0,1879.0,2781.0,5663.0,6830.0,5160.0,11230.0,2287.0
13295.0,15681.0,8569.0,3604.0,2038.0,2891.0,5562.0,7099.0,5521.0,11452.0,2377.0
14017.0,16429.0,9639.0,3988.0,2268.0,3086.0,5690.0,7813.0,6203.0,12391.0,2432.0
15355.0,18774.0,10873.0,4554.0,2491.0,3412.0,6169.0,8671.0,6955.0,13941.0,2634.0
16875.0,21844.0,12055.0,4957.0,2705.0,3775.0,6793.0,9443.0,7459.0,15540.0,2809.0
17875.0,25404.0,12169.0,5076.0,2729.0,3890.0,7694.0,10278.0,7430.0,17017.0,2857.0
18753.0,26332.0,11869.0,4968.0,2622.0,3958.0,8059.0,10335.0,7283.0,17028.0,2856.0
19766.0,26131.0,11784.0,4868.0,2577.0,4005.0,8244.0,10142.0,7321.0,16545.0,2914.0
21235.0,26131.0,11819.0,4917.0,2581.0,4098.0,8596.0,10140.0,7507.0,16485.0,2977.0
22540.0,26787.0,12119.0,4937.0,2614.0,4186.0,9226.0,9922.0,7751.0,16012.0,3007.0
23680.0,28112.0,12162.0,4963.0,2636.0,4253.0,9585.0,9898.0,7839.0,16068.0,2995.0
25132.0,28962.0,12730.0,5114.0,2726.0,4325.0,9913.0,9923.0,8195.0,16070.0,3027.0
26134.0,30690.0,13172.0,5284.0,2812.0,4301.0,10415.0,10067.0,8498.0,16474.0,2946.0
26659.0,32203.0,14013.0,5472.0,2949.0,4344.0,10729.0,10318.0,8686.0,17052.0,2934.0
26756.0,33536.0,14632.0,5626.0,3097.0,4460.0,10944.0,10733.0,8937.0,17875.0,2977.0
25892.0,34773.0,14845.0,5646.0,3106.0,4421.0,11129.0,11168.0,8875.0,18728.0,2953.0
23904.0,35028.0,14214.0,5540.0,2944.0,4152.0,11005.0,11178.0,8403.0,18982.0,2898.0
21852.0,33104.0,13284.0,5239.0,2734.0,3848.0,10424.0,10557.0,7677.0,18079.0,2800.0
19808.0,30384.0,12425.0,4873.0,2515.0,3636.0,9501.0,9892.0,6984.0,16984.0,2796.0
17619.0,27267.0,11044.0,4458.0,2293.0,3352.0,8724.0,9055.0,6392.0,15559.0,2592.0
15803.0,24004.0,9941.0,4031.0,2108.0,3091.0,7760.0,8244.0,5750.0,14115.0,2459.0
14514.0,20895.0,9177.0,3777.0,1992.0,2912.0,6902.0,7514.0,5397.0,12800.0,2353.0
13596.0,18895.0,8628.0,3617.0,1910.0,2843.0,6352.0,7074.0,5186.0,12003.0,2328.0
13011.0,17490.0,8217.0,3492.0,1877.0,2785.0,5915.0,6898.0,5095.0,11567.0,2266.0
12776.0,16426.0,8151.0,3479.0,1915.0,2779.0,5641.0,6848.0,5171.0,11308.0,2293.0
13099.0,16114.0,8506.0,3599.0,2047.0,2897.0,5493.0,7092.0,5504.0,11513.0,2326.0
13662.0,16779.0,9529.0,3974.0,2285.0,3067.0,5687.0,7744.0,6184.0,12392.0,2431.0
15065.0,19127.0,10699.0,4574.0,2518.0,3399.0,6104.0,8571.0,6846.0,14046.0,2618.0
17028.0,22077.0,11877.0,4960.0,2713.0,3765.0,6738.0,9366.0,7283.0,15664.0,2772.0
18118.0,25480.0,12034.0,5079.0,2705.0,3886.0,7568.0,10212.0,7399.0,17030.0,2844.0
19242.0,26477.0,11684.0,4941.0,2601.0,3923.0,8036.0,10294.0,7254.0,17121.0,2876.0
20247.0,26405.0,11647.0,4863.0,2553.0,3973.0,8181.0,10036.0,7223.0,16636.0,2914.0
21614.0,26513.0,11642.0,4845.0,2581.0,4096.0,8424.0,10037.0,7315.0,16567.0,2929.0
22996.0,27331.0,11914.0,4901.0,2609.0,4218.0,8917.0,9863.0,7507.0,16178.0,2934.0
24196.0,28537.0,11900.0,4951.0,2635.0,4267.0,9476.0,9780.0,7651.0,16144.0,2918.0
25444.0,29336.0,12443.0,5080.0,2739.0,4341.0,9882.0,9728.0,7922.0,16047.0,2917.0
26270.0,30879.0,12802.0,5242.0,2821.0,4310.0,10482.0,9869.0,8220.0,16423.0,2846.0
26611.0,32057.0,13633.0,5444.0,2942.0,4328.0,10968.0,10072.0,8443.0,16943.0,2826.0
26432.0,33267.0,14278.0,5526.0,3056.0,4462.0,11214.0,10473.0,8619.0,17784.0,2838.0
25415.0,34586.0,14445.0,5572.0,3056.0,4384.0,11274.0,10861.0,8627.0,18445.0,2861.0
23373.0,34848.0,13743.0,5460.0,2893.0,4130.0,11166.0,10834.0,8243.0,18544.0,2757.0
21331.0,32811.0,12952.0,5144.0,2687.0,3835.0,10374.0,10213.0,7531.0,17568.0,2735.0
19670.0,30301.0,11829.0,4809.0,2482.0,3653.0,9542.0,9707.0,6950.0,16755.0,2536.0
17583.0,27536.0,10606.0,4408.0,2278.0,3396.0,8789.0,8961.0,6354.0,15479.0,2396.0
16012.0,24255.0,9677.0,4081.0,2113.0,3181.0,7961.0,8179.0,5799.0,14105.0,2247.0
14758.0,21531.0,8857.0,3740.0,1980.0,2987.0,7093.0,7482.0,5398.0,12929.0,2162.0
13784.0,19269.0,8328.0,3533.0,1868.0,2851.0,6473.0,6950.0,5092.0,11990.0,2108.0
13165.0,17605.0,7917.0,3410.0,1843.0,2662.0,6016.0,6648.0,4945.0,11425.0,2043.0
12578.0,16550.0,7667.0,3339.0,1794.0,2620.0,5701.0,6462.0,4851.0,11044.0,2041.0
12454.0,15742.0,7678.0,3318.0,1855.0,2654.0,5486.0,6475.0,4906.0,10879.0,2064.0
12298.0,15623.0,7995.0,3446.0,1925.0,2695.0,5397.0,6601.0,5057.0,11043.0,2057.0
12975.0,16318.0,8775.0,3679.0,2106.0,3019.0,5415.0,6950.0,5477.0,11713.0,2285.0
14632.0,18551.0,9454.0,3968.0,2217.0,3390.0,5668.0,8000.0,5924.0,13338.0,2449.0
16142.0,20303.0,9728.0,4152.0,2300.0,3546.0,6201.0,8651.0,6108.0,14537.0,2491.0
18038.0,21829.0,10145.0,4291.0,2352.0,3750.0,6734.0,8958.0,6349.0,15118.0,2524.0
19826.0,23508.0,10464.0,4383.0,2344.0,3916.0,7284.0,9103.0,6518.0,15494.0,2606.0
21712.0,24867.0,10938.0,4509.0,2428.0,4114.0,7828.0,9137.0,6798.0,15637.0,2673.0
23283.0,26889.0,11328.0,4595.0,2516.0,4297.0,8492.0,9340.0,7099.0,15890.0,2718.0
24527.0,28746.0,11568.0,4725.0,2577.0,4391.0,9138.0,9501.0,7293.0,16107.0,2749.0
25518.0,30204.0,12050.0,4817.0,2608.0,4483.0,9557.0,9596.0,7724.0,16176.0,2757.0
26209.0,31573.0,12328.0,4958.0,2669.0,4436.0,9837.0,9374.0,8117.0,15710.0,2666.0
26044.0,31570.0,12806.0,5080.0,2753.0,4194.0,10255.0,9617.0,8253.0,16206.0,2665.0
25533.0,32210.0,12929.0,5098.0,2783.0,4240.0,10301.0,9866.0,8263.0,16658.0,2651.0
24493.0,32233.0,13138.0,5131.0,2806.0,4156.0,10223.0,10036.0,8302.0,16900.0,2648.0
22681.0,32290.0,12675.0,5062.0,2703.0,3916.0,10100.0,9982.0,7814.0,17121.0,2604.0
21093.0,30848.0,12283.0,4892.0,2574.0,3700.0,9565.0,9632.0,7361.0,16612.0,2540.0
19725.0,29071.0,11623.0,4629.0,2419.0,3624.0,9132.0,9242.0,6912.0,16054.0,2500.0
18150.0,26956.0,10783.0,4307.0,2293.0,3395.0,8488.0,8652.0,6449.0,15079.0,2383.0
16392.0,24430.0,9628.0,3977.0,2101.0,3155.0,7900.0,8050.0,5864.0,14018.0,2260.0
14995.0,21547.0,8842.0,3665.0,1951.0,2959.0,7013.0,7408.0,5475.0,12871.0,2160.0
13991.0,19232.0,8248.0,3483.0,1860.0,2829.0,6381.0,6931.0,5227.0,11927.0,2125.0
13339.0,17612.0,7925.0,3339.0,1830.0,2638.0,5956.0,6577.0,5097.0,11338.0,2074.0
12708.0,16493.0,7589.0,3270.0,1792.0,2593.0,5654.0,6409.0,5003.0,10975.0,2051.0
12344.0,15599.0,7598.0,3229.0,1828.0,2603.0,5408.0,6329.0,5029.0,10810.0,2062.0
12113.0,15325.0,7778.0,3305.0,1877.0,2642.0,5350.0,6406.0,5122.0,10982.0,2065.0
12663.0,15870.0,8515.0,3533.0,2062.0,2956.0,5302.0,6740.0,5497.0,11548.0,2274.0
14264.0,17981.0,9263.0,3811.0,2176.0,3347.0,5572.0,7746.0,5907.0,13172.0,2391.0
15746.0,19638.0,9621.0,4040.0,2266.0,3492.0,6082.0,8437.0,6187.0,14400.0,2455.0
17613.0,21227.0,10122.0,4181.0,2311.0,3700.0,6663.0,8770.0,6518.0,14951.0,2551.0
19285.0,23079.0,10450.0,4307.0,2332.0,3839.0,7252.0,9011.0,6729.0,15344.0,2579.0
20809.0,24842.0,11001.0,4401.0,2386.0,4046.0,7703.0,9080.0,7111.0,15424.0,2644.0
22058.0,27176.0,11651.0,4493.0,2469.0,4215.0,8148.0,9274.0,7314.0,15748.0,2672.0
23285.0,29140.0,12123.0,4547.0,2511.0,4306.0,8641.0,9449.0,7397.0,15963.0,2747.0
24517.0,30458.0,12806.0,4602.0,2546.0,4399.0,9080.0,9534.0,7574.0,16069.0,2819.0
25442.0,31888.0,13144.0,4695.0,2640.0,4387.0,9525.0,9308.0,7832.0,15709.0,2732.0
25754.0,32123.0,13545.0,4802.0,2748.0,4168.0,10065.0,9607.0,8082.0,16246.0,2785.0
25280.0,32951.0,13750.0,4917.0,2836.0,4212.0,10274.0,9979.0,8217.0,16919.0,2711.0
24435.0,33043.0,13933.0,5004.0,2836.0,4119.0,10214.0,10239.0,8248.0,17340.0,2739.0
22541.0,33017.0,13421.0,4979.0,2731.0,3910.0,10062.0,10253.0,7930.0,17578.0,2680.0
20690.0,31418.0,12816.0,4804.0,2601.0,3673.0,9491.0,9802.0,7547.0,16996.0,2616.0
19070.0,29355.0,12351.0,4520.0,2419.0,3530.0,8988.0,9273.0,7012.0,16203.0,2732.0
17239.0,26918.0,11490.0,4165.0,2244.0,3347.0,8388.0,8607.0,6567.0,15017.0,2563.0
15404.0,24324.0,10059.0,3800.0,2045.0,3076.0,7720.0,8023.0,5897.0,13920.0,2443.0
14278.0,20647.0,9228.0,3585.0,1932.0,2906.0,6897.0,7363.0,5562.0,12524.0,2323.0
13370.0,18713.0,8744.0,3430.0,1863.0,2848.0,6376.0,6959.0,5290.0,11808.0,2293.0
12854.0,17256.0,8377.0,3351.0,1830.0,2799.0,6025.0,6736.0,5098.0,11339.0,2256.0
12717.0,16161.0,8313.0,3320.0,1870.0,2797.0,5756.0,6682.0,5152.0,11200.0,2254.0
13111.0,15790.0,8649.0,3441.0,2043.0,2918.0,5696.0,6999.0,5567.0,11536.0,2335.0
13827.0,16641.0,9726.0,3882.0,2279.0,3099.0,5829.0,7742.0,6212.0,12528.0,2427.0
15111.0,19094.0,10857.0,4508.0,2527.0,3419.0,6392.0,8646.0,6904.0,14256.0,2600.0
16771.0,22221.0,11912.0,4920.0,2715.0,3794.0,7096.0,9487.0,7382.0,15804.0,2770.0
17887.0,25640.0,12194.0,5019.0,2733.0,3893.0,7961.0,10284.0,7435.0,17318.0,2849.0
18697.0,26636.0,11866.0,4902.0,2631.0,3949.0,8313.0,10360.0,7257.0,17308.0,2854.0
19279.0,26444.0,11715.0,4769.0,2550.0,3958.0,8603.0,10006.0,7154.0,16641.0,2880.0
20219.0,26315.0,11768.0,4746.0,2527.0,4056.0,8548.0,10008.0,7142.0,16567.0,2896.0
20985.0,26692.0,11908.0,4734.0,2567.0,4112.0,8705.0,9783.0,7182.0,16099.0,2921.0
22011.0,27603.0,11902.0,4745.0,2596.0,4151.0,9083.0,9732.0,7237.0,16034.0,2884.0
23418.0,28252.0,12550.0,4851.0,2711.0,4200.0,9352.0,9723.0,7404.0,16039.0,2914.0
24278.0,29772.0,12886.0,5013.0,2766.0,4193.0,9745.0,9901.0,7613.0,16403.0,2840.0
24899.0,31013.0,13690.0,5188.0,2915.0,4235.0,10121.0,10174.0,7889.0,16886.0,2866.0
25191.0,32268.0,14331.0,5389.0,3064.0,4385.0,10464.0,10668.0,8184.0,17848.0,2877.0
24618.0,33539.0,14613.0,5501.0,3099.0,4318.0,10701.0,11202.0,8262.0,18794.0,2919.0
22782.0,33791.0,13943.0,5411.0,2904.0,4086.0,10709.0,11156.0,7889.0,18999.0,2810.0
20969.0,31796.0,13168.0,5118.0,2695.0,3811.0,10044.0,10461.0,7346.0,17984.0,2769.0
21696.0,30890.0,15025.0,5686.0,2755.0,4353.0,11169.0,10623.0,8084.0,18094.0,3074.0
19399.0,28013.0,13408.0,5224.0,2534.0,3998.0,10173.0,9871.0,7296.0,16865.0,2886.0
17028.0,24787.0,11970.0,4799.0,2299.0,3695.0,9263.0,8899.0,6589.0,15354.0,2747.0
15694.0,21856.0,10998.0,4472.0,2189.0,3466.0,8398.0,8400.0,6187.0,14057.0,2682.0
14532.0,19694.0,10303.0,4271.0,2093.0,3305.0,7727.0,7872.0,5880.0,13115.0,2603.0
13777.0,18212.0,9719.0,4112.0,2064.0,3209.0,7258.0,7513.0,5653.0,12610.0,2530.0
13271.0,17173.0,9465.0,4036.0,2072.0,3193.0,6865.0,7417.0,5620.0,12232.0,2496.0
13044.0,16725.0,9663.0,4131.0,2177.0,3267.0,6699.0,7573.0,5864.0,12378.0,2502.0
13767.0,17225.0,10671.0,4404.0,2371.0,3535.0,6716.0,8040.0,6440.0,12947.0,2650.0
15578.0,20017.0,12155.0,5116.0,2644.0,3935.0,7193.0,8918.0,7472.0,14294.0,2945.0
17959.0,23707.0,13923.0,5586.0,2890.0,4369.0,8178.0,9893.0,8245.0,15996.0,3123.0
19464.0,27631.0,14445.0,5780.0,2925.0,4626.0,9399.0,10700.0,8457.0,17464.0,3214.0
20589.0,28941.0,14499.0,5799.0,2850.0,4785.0,10051.0,10809.0,8490.0,17658.0,3262.0
21534.0,28895.0,14326.0,5824.0,2825.0,4902.0,10386.0,10714.0,8663.0,17359.0,3305.0
22098.0,28767.0,14533.0,5876.0,2815.0,5016.0,10533.0,10617.0,8827.0,17110.0,3326.0
23204.0,29304.0,14815.0,5996.0,2848.0,5115.0,10997.0,10576.0,8987.0,17002.0,3363.0
24410.0,30190.0,15163.0,6050.0,2870.0,5191.0,11379.0,10648.0,9141.0,17100.0,3347.0
25656.0,30904.0,16036.0,6187.0,2945.0,5386.0,11748.0,10588.0,9521.0,16911.0,3428.0
26991.0,32872.0,16767.0,6443.0,3062.0,5460.0,12323.0,10773.0,9835.0,17319.0,3477.0
27999.0,34328.0,17761.0,6695.0,3184.0,5595.0,12717.0,11069.0,10216.0,17880.0,3440.0
28729.0,35533.0,18696.0,6934.0,3298.0,5651.0,13368.0,11483.0,10458.0,18737.0,3488.0
27905.0,37415.0,18516.0,6932.0,3252.0,5517.0,13875.0,11810.0,10190.0,19424.0,3409.0
26386.0,36833.0,17692.0,6751.0,3147.0,5284.0,13515.0,11720.0,9837.0,19332.0,3359.0
24218.0,35242.0,17110.0,6508.0,2991.0,4904.0,12992.0,11331.0,9339.0,18722.0,3277.0
21766.0,33285.0,15931.0,6169.0,2773.0,4504.0,12314.0,10870.0,8594.0,18180.0,3191.0
19382.0,30110.0,14343.0,5596.0,2532.0,4137.0,11224.0,10074.0,7757.0,17008.0,3006.0
17286.0,26523.0,12726.0,5111.0,2301.0,3827.0,10205.0,9094.0,6986.0,15568.0,2848.0
15593.0,23277.0,11635.0,4692.0,2166.0,3586.0,8803.0,8534.0,6488.0,14159.0,2727.0
14456.0,20922.0,10815.0,4383.0,2073.0,3446.0,8193.0,7968.0,6055.0,13182.0,2624.0
13652.0,19308.0,10187.0,4202.0,2018.0,3298.0,7478.0,7561.0,5803.0,12617.0,2539.0
13168.0,18133.0,9964.0,4128.0,2018.0,3308.0,7009.0,7444.0,5741.0,12315.0,2537.0
13034.0,17703.0,10024.0,4175.0,2137.0,3387.0,6817.0,7615.0,5943.0,12404.0,2559.0
13926.0,18187.0,10913.0,4458.0,2350.0,3643.0,6809.0,8091.0,6596.0,12915.0,2669.0
15792.0,20870.0,12258.0,5181.0,2632.0,4064.0,7302.0,8999.0,7681.0,14315.0,3015.0
18433.0,24597.0,14220.0,5721.0,2886.0,4572.0,8305.0,10054.0,8497.0,16143.0,3232.0
20050.0,28797.0,14950.0,5988.0,2908.0,4831.0,9652.0,10854.0,8918.0,17576.0,3284.0
21260.0,30529.0,15103.0,6039.0,2873.0,5016.0,10432.0,11073.0,9114.0,17769.0,3389.0
22492.0,30779.0,14989.0,6106.0,2863.0,5171.0,10929.0,11056.0,9284.0,17507.0,3394.0
23477.0,30970.0,15156.0,6257.0,2928.0,5318.0,11199.0,11084.0,9592.0,17398.0,3463.0
24640.0,31601.0,15417.0,6405.0,2967.0,5408.0,11648.0,11188.0,9855.0,17366.0,3501.0
25960.0,32592.0,15702.0,6550.0,2997.0,5475.0,12114.0,11281.0,9971.0,17505.0,3498.0
27741.0,33509.0,16438.0,6796.0,3131.0,5613.0,12612.0,11333.0,10376.0,17414.0,3571.0
28760.0,35368.0,17107.0,7050.0,3216.0,5658.0,13232.0,11529.0,10658.0,17811.0,3619.0
30088.0,36841.0,17937.0,7326.0,3316.0,5750.0,13727.0,11918.0,11064.0,18481.0,3556.0
30686.0,37861.0,18801.0,7545.0,3449.0,5800.0,14386.0,12361.0,11299.0,19410.0,3600.0
29974.0,39735.0,18657.0,7507.0,3421.0,5738.0,14916.0,12606.0,10990.0,20059.0,3527.0
28511.0,39204.0,17974.0,7305.0,3273.0,5482.0,14569.0,12453.0,10607.0,19978.0,3469.0
25940.0,37400.0,17080.0,6970.0,3087.0,5095.0,13850.0,12030.0,10010.0,19303.0,3374.0
23038.0,35151.0,15697.0,6601.0,2829.0,4744.0,13144.0,11490.0,9170.0,18741.0,3265.0
20596.0,31572.0,14475.0,5971.0,2569.0,4363.0,11811.0,10571.0,8255.0,17493.0,3057.0
18435.0,27766.0,12748.0,5407.0,2311.0,3974.0,10649.0,9405.0,7345.0,15905.0,2866.0
16863.0,24179.0,11697.0,4975.0,2171.0,3684.0,9470.0,8911.0,6810.0,14518.0,2747.0
15331.0,21690.0,10925.0,4660.0,2051.0,3534.0,8612.0,8277.0,6425.0,13537.0,2654.0
14200.0,19911.0,10264.0,4431.0,1994.0,3455.0,7907.0,7855.0,6135.0,12886.0,2559.0
13730.0,18523.0,10005.0,4308.0,1994.0,3451.0,7375.0,7642.0,6016.0,12522.0,2519.0
13683.0,18016.0,10054.0,4347.0,2087.0,3535.0,7117.0,7731.0,6176.0,12495.0,2509.0
14373.0,18464.0,11034.0,4596.0,2328.0,3766.0,7050.0,8154.0,6769.0,12966.0,2639.0
16396.0,21121.0,12438.0,5330.0,2600.0,4171.0,7518.0,9110.0,7910.0,14439.0,3005.0
19108.0,25136.0,13982.0,5949.0,2863.0,4634.0,8540.0,10247.0,8831.0,16309.0,3171.0
21349.0,29571.0,14522.0,6242.0,2935.0,4875.0,10022.0,11173.0,9242.0,18004.0,3282.0
22764.0,31546.0,14476.0,6398.0,2887.0,4991.0,10870.0,11470.0,9497.0,18324.0,3366.0
24162.0,32034.0,14454.0,6470.0,2876.0,5079.0,11379.0,11526.0,9638.0,18235.0,3423.0
25659.0,32338.0,14636.0,6636.0,2989.0,5162.0,11895.0,11652.0,9867.0,18263.0,3488.0
27217.0,33108.0,14822.0,6871.0,3050.0,5199.0,12549.0,11796.0,10158.0,18350.0,3509.0
29051.0,34228.0,15061.0,6969.0,3096.0,5209.0,13190.0,11958.0,10271.0,18622.0,3497.0
30543.0,35158.0,15869.0,7261.0,3209.0,5311.0,13632.0,12072.0,10621.0,18821.0,3544.0
31887.0,36985.0,16524.0,7463.0,3294.0,5310.0,14382.0,12329.0,10900.0,19319.0,3563.0
32806.0,38416.0,17138.0,7685.0,3418.0,5343.0,14731.0,12727.0,11175.0,20034.0,3489.0
33566.0,39517.0,17848.0,7902.0,3548.0,5371.0,15250.0,13089.0,11373.0,20829.0,3523.0
32554.0,41305.0,17567.0,7857.0,3492.0,5337.0,15500.0,13342.0,11069.0,21393.0,3454.0
31087.0,40594.0,16880.0,7628.0,3353.0,5102.0,15204.0,13100.0,10651.0,21184.0,3395.0
28707.0,38684.0,16222.0,7287.0,3191.0,4743.0,14545.0,12582.0,10111.0,20425.0,3274.0
25723.0,36408.0,14956.0,6920.0,2960.0,4432.0,13748.0,11891.0,9320.0,19602.0,3183.0
23137.0,32847.0,13417.0,6336.0,2703.0,4119.0,12600.0,10960.0,8528.0,18259.0,3005.0
20845.0,28977.0,11910.0,5758.0,2446.0,3807.0,11297.0,9663.0,7682.0,16615.0,2812.0
18861.0,25738.0,10828.0,5270.0,2271.0,3610.0,10122.0,9205.0,7072.0,15144.0,2702.0
17567.0,22913.0,10179.0,4974.0,2163.0,3427.0,9463.0,8458.0,6651.0,13973.0,2597.0
16788.0,20919.0,9612.0,4712.0,2082.0,3248.0,8745.0,7856.0,6305.0,13153.0,2522.0
15995.0,19439.0,9119.0,4514.0,2045.0,3157.0,7891.0,7543.0,6105.0,12595.0,2457.0
15362.0,18330.0,8916.0,4374.0,2010.0,3135.0,7734.0,7300.0,5998.0,12142.0,2433.0
15053.0,17895.0,9220.0,4412.0,2152.0,3264.0,7222.0,7358.0,6176.0,12087.0,2476.0
15950.0,18799.0,10072.0,4767.0,2346.0,3576.0,7231.0,7825.0,6816.0,12715.0,2709.0
18054.0,21048.0,10904.0,5169.0,2494.0,3970.0,7806.0,8768.0,7434.0,14102.0,2816.0
20673.0,23503.0,11628.0,5476.0,2651.0,4266.0,8682.0,9384.0,8060.0,15175.0,2978.0
23442.0,26106.0,12387.0,5878.0,2748.0,4571.0,9773.0,9892.0,8655.0,16015.0,3173.0
26279.0,28748.0,12938.0,6182.0,2855.0,4818.0,10852.0,10436.0,9080.0,16770.0,3286.0
28327.0,30930.0,13656.0,6464.0,2968.0,5053.0,11845.0,10880.0,9673.0,17344.0,3372.0
30579.0,33584.0,14141.0,6774.0,3058.0,5246.0,12969.0,11325.0,10013.0,17882.0,3463.0
31697.0,35442.0,14167.0,6990.0,3154.0,5326.0,13820.0,11634.0,10218.0,18352.0,3448.0
32571.0,36618.0,14317.0,7183.0,3194.0,5378.0,14257.0,11875.0,10462.0,18606.0,3479.0
33023.0,37839.0,14576.0,7356.0,3221.0,5307.0,14574.0,11927.0,10760.0,18650.0,3445.0
33262.0,38587.0,14997.0,7461.0,3257.0,5169.0,14858.0,12242.0,11020.0,19169.0,3387.0
32928.0,39325.0,15497.0,7510.0,3303.0,5095.0,15229.0,12440.0,10909.0,19715.0,3339.0
31865.0,39603.0,15578.0,7449.0,3227.0,4999.0,15144.0,12518.0,10629.0,20016.0,3299.0
30867.0,38783.0,15247.0,7251.0,3109.0,4796.0,14799.0,12247.0,10307.0,19773.0,3246.0
28415.0,37525.0,14923.0,7028.0,3050.0,4518.0,14368.0,11885.0,9834.0,19254.0,3146.0
26195.0,35652.0,13997.0,6734.0,2875.0,4313.0,13632.0,11397.0,9156.0,18765.0,3013.0
23888.0,32970.0,12964.0,6227.0,2659.0,4041.0,12234.0,10679.0,8371.0,17771.0,2913.0
21937.0,29761.0,11522.0,5669.0,2432.0,3744.0,11326.0,9615.0,7601.0,16442.0,2758.0
20319.0,26016.0,10493.0,5216.0,2281.0,3553.0,10238.0,9162.0,7092.0,15002.0,2613.0
18800.0,23235.0,9834.0,4914.0,2148.0,3392.0,9464.0,8511.0,6723.0,13884.0,2546.0
17440.0,21173.0,9275.0,4640.0,2076.0,3200.0,8325.0,7904.0,6472.0,13056.0,2464.0
16525.0,19689.0,8803.0,4450.0,1998.0,3118.0,7889.0,7595.0,6323.0,12558.0,2397.0
15821.0,18477.0,8637.0,4312.0,2006.0,3087.0,7604.0,7320.0,6205.0,12087.0,2378.0
15647.0,17834.0,8865.0,4301.0,2082.0,3200.0,7174.0,7323.0,6358.0,12031.0,2426.0
16626.0,18529.0,9550.0,4688.0,2261.0,3507.0,7112.0,7814.0,6978.0,12642.0,2646.0
18728.0,20650.0,10303.0,5110.0,2427.0,3880.0,7582.0,8751.0,7532.0,14117.0,2789.0
20989.0,22990.0,11004.0,5510.0,2558.0,4127.0,8565.0,9398.0,8069.0,15216.0,2924.0
23662.0,25536.0,11627.0,5906.0,2698.0,4400.0,9790.0,10035.0,8679.0,16134.0,3119.0
25057.0,28333.0,11955.0,6220.0,2806.0,4622.0,10869.0,10638.0,9121.0,17049.0,3247.0
27312.0,30596.0,12519.0,6544.0,2956.0,4831.0,11799.0,11102.0,9598.0,17716.0,3335.0
28720.0,33006.0,12966.0,6813.0,3075.0,4992.0,12754.0,11632.0,9995.0,18400.0,3410.0
29750.0,34693.0,13122.0,7050.0,3147.0,5095.0,13700.0,12032.0,10247.0,18999.0,3430.0
31063.0,35460.0,13697.0,7259.0,3223.0,5182.0,14289.0,12337.0,10516.0,19412.0,3509.0
31863.0,36393.0,14064.0,7496.0,3306.0,5163.0,14677.0,12451.0,10820.0,19573.0,3500.0
31939.0,37207.0,14633.0,7650.0,3414.0,5025.0,15002.0,12852.0,11105.0,20188.0,3436.0
31344.0,37982.0,14976.0,7748.0,3470.0,4916.0,15393.0,13086.0,11064.0,20843.0,3406.0
30482.0,38297.0,14876.0,7646.0,3393.0,4817.0,15373.0,13116.0,10808.0,21080.0,3358.0
29596.0,37426.0,14674.0,7441.0,3327.0,4675.0,15049.0,12867.0,10506.0,20894.0,3286.0
27713.0,36309.0,14330.0,6980.0,3167.0,4333.0,14331.0,12628.0,10025.0,20314.0,3286.0
25502.0,34252.0,13308.0,6665.0,2890.0,3898.0,13580.0,11525.0,9229.0,18936.0,2983.0
23699.0,31492.0,12271.0,6115.0,2656.0,3642.0,12677.0,10669.0,8425.0,17799.0,2866.0
21251.0,28349.0,10865.0,5615.0,2380.0,3311.0,11504.0,9466.0,7526.0,16180.0,2696.0
19133.0,24256.0,9964.0,5158.0,2211.0,3140.0,10280.0,9035.0,6975.0,14639.0,2571.0
17901.0,21858.0,9387.0,4876.0,2102.0,3006.0,9509.0,8377.0,6566.0,13603.0,2492.0
16926.0,19992.0,8888.0,4648.0,2014.0,2926.0,8412.0,7873.0,6279.0,12815.0,2398.0
16425.0,18687.0,8727.0,4518.0,2016.0,2926.0,7683.0,7683.0,6186.0,12380.0,2384.0
16249.0,18174.0,8981.0,4516.0,2115.0,3019.0,7473.0,7727.0,6321.0,12305.0,2444.0
17012.0,18708.0,9906.0,4795.0,2350.0,3283.0,7491.0,8203.0,7007.0,12864.0,2581.0
19008.0,20771.0,11247.0,5401.0,2652.0,3641.0,8424.0,9185.0,7961.0,14365.0,2839.0
21553.0,24867.0,12632.0,6099.0,2984.0,4007.0,9592.0,10551.0,8908.0,16714.0,2958.0
23417.0,29038.0,12947.0,6551.0,3078.0,4160.0,10933.0,11671.0,9443.0,18543.0,3054.0
24643.0,30646.0,12591.0,6758.0,3078.0,4150.0,11726.0,12122.0,9667.0,19253.0,3050.0
25919.0,30830.0,12376.0,6858.0,3073.0,4160.0,12335.0,12166.0,9805.0,19042.0,3050.0
26648.0,30959.0,12605.0,7054.0,3134.0,4208.0,12784.0,12168.0,10110.0,18912.0,3089.0
27670.0,31831.0,12960.0,7266.0,3192.0,4314.0,13227.0,12296.0,10369.0,19043.0,3140.0
28853.0,32689.0,13029.0,7441.0,3244.0,4357.0,13412.0,12508.0,10400.0,19344.0,3119.0
30123.0,33653.0,13692.0,7672.0,3372.0,4452.0,13963.0,12718.0,10816.0,19541.0,3229.0
31121.0,35653.0,14273.0,7847.0,3466.0,4472.0,14458.0,12858.0,11061.0,19864.0,3316.0
32135.0,37303.0,15311.0,8066.0,3612.0,4541.0,14842.0,13219.0,11408.0,20526.0,3390.0
32334.0,39254.0,16104.0,8341.0,3712.0,4599.0,15302.0,13624.0,11757.0,21415.0,3532.0
31561.0,41181.0,16074.0,8306.0,3635.0,4563.0,15689.0,13940.0,11598.0,22142.0,3502.0
30422.0,40491.0,15344.0,8070.0,3510.0,4394.0,15375.0,13688.0,11166.0,21927.0,3372.0
28423.0,38699.0,14727.0,7773.0,3313.0,4088.0,14773.0,13101.0,10493.0,21087.0,3277.0
26032.0,36243.0,13637.0,7324.0,3067.0,3767.0,13980.0,12262.0,9653.0,20071.0,3138.0
23549.0,32651.0,12320.0,6707.0,2759.0,3485.0,12905.0,11161.0,8739.0,18498.0,2951.0
21057.0,28835.0,11005.0,6109.0,2479.0,3211.0,11888.0,9775.0,7744.0,16644.0,2752.0
19334.0,24901.0,10097.0,5636.0,2301.0,3054.0,10592.0,9243.0,7196.0,14876.0,2648.0
18229.0,22380.0,9443.0,5267.0,2181.0,2931.0,9664.0,8554.0,6781.0,13781.0,2534.0
17316.0,20518.0,8959.0,4967.0,2115.0,2862.0,9000.0,7981.0,6430.0,13038.0,2475.0
16901.0,19216.0,8822.0,4795.0,2079.0,2868.0,8242.0,7764.0,6335.0,12568.0,2448.0
16835.0,18659.0,9014.0,4788.0,2171.0,2936.0,7834.0,7791.0,6454.0,12514.0,2481.0
17300.0,19179.0,9919.0,4952.0,2416.0,3183.0,7660.0,8306.0,7122.0,13033.0,2620.0
18826.0,21063.0,11394.0,5517.0,2737.0,3556.0,8091.0,9198.0,7962.0,14446.0,2821.0
20748.0,25173.0,12784.0,6180.0,3010.0,3951.0,9191.0,10509.0,8962.0,16566.0,3038.0
22030.0,29472.0,13089.0,6643.0,3101.0,4086.0,10625.0,11615.0,9552.0,18384.0,3076.0
22972.0,31115.0,12796.0,6858.0,3098.0,4091.0,11657.0,11997.0,9750.0,18927.0,3093.0
23675.0,31440.0,12426.0,6944.0,3096.0,4086.0,12266.0,11949.0,9858.0,18721.0,3081.0
24341.0,31563.0,12465.0,7099.0,3164.0,4163.0,12788.0,11970.0,10069.0,18523.0,3121.0
25498.0,32215.0,12773.0,7269.0,3232.0,4255.0,13235.0,12124.0,10356.0,18623.0,3177.0
26421.0,33121.0,12977.0,7400.0,3298.0,4319.0,13696.0,12317.0,10439.0,18876.0,3185.0
27255.0,33725.0,13851.0,7637.0,3413.0,4387.0,14050.0,12459.0,10735.0,18970.0,3266.0
28906.0,35098.0,14659.0,7831.0,3508.0,4414.0,14495.0,12578.0,11062.0,19322.0,3293.0
29772.0,36041.0,15749.0,8019.0,3619.0,4490.0,14705.0,12869.0,11391.0,19956.0,3429.0
30294.0,37547.0,16575.0,8216.0,3780.0,4543.0,15203.0,13224.0,11684.0,20761.0,3549.0
29848.0,39262.0,16509.0,8183.0,3699.0,4529.0,15577.0,13493.0,11512.0,21479.0,3525.0
28644.0,38691.0,15843.0,7903.0,3567.0,4344.0,15225.0,13284.0,11082.0,21291.0,3456.0
27188.0,37061.0,15196.0,7570.0,3356.0,4045.0,14602.0,12664.0,10424.0,20532.0,3313.0
